NameOfStation,IpAddress,DeviceType,MAC,ManufacturerName,RunState,Port_ID,Port_Desc,Remote_Port_ID,Remote_Station,Remote_MAC,Port_Status
,192.168.1.100,SCALANCE XB-200,38:4b:24:21:1c:30,SIEMENS AG,Unknown,port-001,"Siemens, SIMATIC NET, Ethernet Port, X1 P1",,,,Down
,192.168.1.100,SCALANCE XB-200,38:4b:24:21:1c:30,SIEMENS AG,Unknown,port-002,"Siemens, SIMATIC NET, Ethernet Port, X1 P2",port-001,rcp06xbim0138c8,ec:1c:5d:c9:a7:97,Up
,192.168.1.100,SCALANCE XB-200,38:4b:24:21:1c:30,SIEMENS AG,Unknown,port-003,"Siemens, SIMATIC NET, Ethernet Port, X1 P3",port-001,op05xbim017e9a,ec:1c:5d:14:8d:d3,Up
,192.168.1.100,SCALANCE XB-200,38:4b:24:21:1c:30,SIEMENS AG,Unknown,port-004,"Siemens, SIMATIC NET, Ethernet Port, X1 P4",port-002,hmi11xbim0149cc,ec:1c:5d:4b:cc:4a,Up
,192.168.1.100,SCALANCE XB-200,38:4b:24:21:1c:30,SIEMENS AG,Unknown,port-005,"Siemens, SIMATIC NET, Ethernet Port, X1 P5",,,,Down
,192.168.1.100,SCALANCE XB-200,38:4b:24:21:1c:30,SIEMENS AG,Unknown,port-006,"Siemens, SIMATIC NET, Ethernet Port, X1 P6",,,,Down
,192.168.1.100,SCALANCE XB-200,38:4b:24:21:1c:30,SIEMENS AG,Unknown,port-007,"Siemens, SIMATIC NET, Ethernet Port, X1 P7",port-001,rbxb0580xbinv2150d21b,e8:ef:22:28:23:60,Up
,192.168.1.100,SCALANCE XB-200,38:4b:24:21:1c:30,SIEMENS AG,Unknown,port-008,"Siemens, SIMATIC NET, Ethernet Port, X1 P8",port-001,rbxb0565xbinv2000ba6d,e8:ef:22:27:f2:32,Up
csb01xbsw012e1d,10.168.24.12,Hirschmann Railswitch,94:ae:e3:4b:4c:78,Hirschmann Automation and Control GmbH,Ok,port-001,,port-001,rcp01xbsw012798,94:ae:e3:49:d8:86,Up
csb01xbsw012e1d,10.168.24.12,Hirschmann Railswitch,94:ae:e3:4b:4c:78,Hirschmann Automation and Control GmbH,Ok,port-002,,port-002,jb04xbim010e4e,ec:1c:5d:13:29:6e,Up
csb01xbsw012e1d,10.168.24.12,Hirschmann Railswitch,94:ae:e3:4b:4c:78,Hirschmann Automation and Control GmbH,Ok,port-003,,port-001,mcpxbsw01924b,94:ae:e3:49:da:06,Up
csb01xbsw012e1d,10.168.24.12,Hirschmann Railswitch,94:ae:e3:4b:4c:78,Hirschmann Automation and Control GmbH,Ok,port-004,,,,,Down
csb01xbsw012e1d,10.168.24.12,Hirschmann Railswitch,94:ae:e3:4b:4c:78,Hirschmann Automation and Control GmbH,Ok,port-005,,port-002,op03xbim017efc,ec:1c:5d:14:8d:a8,Up
csb01xbsw012e1d,10.168.24.12,Hirschmann Railswitch,94:ae:e3:4b:4c:78,Hirschmann Automation and Control GmbH,Ok,port-006,,port-002,op02xbim01beec,ec:1c:5d:14:8e:63,Up
csb01xbsw012e1d,10.168.24.12,Hirschmann Railswitch,94:ae:e3:4b:4c:78,Hirschmann Automation and Control GmbH,Ok,port-007,,,,,Down
csb01xbsw012e1d,10.168.24.12,Hirschmann Railswitch,94:ae:e3:4b:4c:78,Hirschmann Automation and Control GmbH,Ok,port-008,,,,,Down
csb02xbsw012e2e,10.168.24.13,Hirschmann Railswitch,94:ae:e3:4b:3b:d8,Hirschmann Automation and Control GmbH,Ok,port-001,,port-001,jb07xbim010e7d,ec:1c:5d:13:26:a4,Up
csb02xbsw012e2e,10.168.24.13,Hirschmann Railswitch,94:ae:e3:4b:3b:d8,Hirschmann Automation and Control GmbH,Ok,port-002,,port-002,mcpxbsw01924b,94:ae:e3:49:da:06,Up
csb02xbsw012e2e,10.168.24.13,Hirschmann Railswitch,94:ae:e3:4b:3b:d8,Hirschmann Automation and Control GmbH,Ok,port-003,,port-002,rcp03xbsw01e7bb,94:ae:e3:49:da:86,Up
csb02xbsw012e2e,10.168.24.13,Hirschmann Railswitch,94:ae:e3:4b:3b:d8,Hirschmann Automation and Control GmbH,Ok,port-004,,port-001,hmi07xbim01856b,ec:1c:5d:14:8d:b4,Up
csb02xbsw012e2e,10.168.24.13,Hirschmann Railswitch,94:ae:e3:4b:3b:d8,Hirschmann Automation and Control GmbH,Ok,port-005,,port-001,pbsxbdk2691f,ac:64:17:ec:73:32,Up
csb02xbsw012e2e,10.168.24.13,Hirschmann Railswitch,94:ae:e3:4b:3b:d8,Hirschmann Automation and Control GmbH,Ok,port-006,,,,,Down
csb02xbsw012e2e,10.168.24.13,Hirschmann Railswitch,94:ae:e3:4b:3b:d8,Hirschmann Automation and Control GmbH,Ok,port-007,,port-001,pbsxbdk1685f,ac:64:17:ec:6c:79,Up
csb02xbsw012e2e,10.168.24.13,Hirschmann Railswitch,94:ae:e3:4b:3b:d8,Hirschmann Automation and Control GmbH,Ok,port-008,,,,,Down
csb03xbsw01ee3e,10.168.24.14,Hirschmann Railswitch,94:ae:e3:4b:3c:a0,Hirschmann Automation and Control GmbH,Ok,port-001,,port-002,rcp04xbsw0127cd,94:ae:e3:49:db:06,Up
csb03xbsw01ee3e,10.168.24.14,Hirschmann Railswitch,94:ae:e3:4b:3c:a0,Hirschmann Automation and Control GmbH,Ok,port-002,,port-002,op08xbim01be46,ec:1c:5d:14:8d:6e,Up
csb03xbsw01ee3e,10.168.24.14,Hirschmann Railswitch,94:ae:e3:4b:3c:a0,Hirschmann Automation and Control GmbH,Ok,port-003,,port-002,rcp02xbsw0127ab,94:ae:e3:4b:3c:3c,Up
csb03xbsw01ee3e,10.168.24.14,Hirschmann Railswitch,94:ae:e3:4b:3c:a0,Hirschmann Automation and Control GmbH,Ok,port-004,,,,,Down
csb03xbsw01ee3e,10.168.24.14,Hirschmann Railswitch,94:ae:e3:4b:3c:a0,Hirschmann Automation and Control GmbH,Ok,port-005,,,,,Down
csb03xbsw01ee3e,10.168.24.14,Hirschmann Railswitch,94:ae:e3:4b:3c:a0,Hirschmann Automation and Control GmbH,Ok,port-006,,,,,Down
csb03xbsw01ee3e,10.168.24.14,Hirschmann Railswitch,94:ae:e3:4b:3c:a0,Hirschmann Automation and Control GmbH,Ok,port-007,,,,,Down
csb03xbsw01ee3e,10.168.24.14,Hirschmann Railswitch,94:ae:e3:4b:3c:a0,Hirschmann Automation and Control GmbH,Ok,port-008,,,,,Down
csb04xbsw012e48,10.168.24.15,Hirschmann Railswitch,94:ae:e3:4b:4b:74,Hirschmann Automation and Control GmbH,Ok,port-001,,port-002,jb02xbim010e28,ec:1c:5d:13:27:67,Up
csb04xbsw012e48,10.168.24.15,Hirschmann Railswitch,94:ae:e3:4b:4b:74,Hirschmann Automation and Control GmbH,Ok,port-002,,port-001,rcp02xbsw0127ab,94:ae:e3:4b:3c:3c,Up
csb04xbsw012e48,10.168.24.15,Hirschmann Railswitch,94:ae:e3:4b:4b:74,Hirschmann Automation and Control GmbH,Ok,port-003,,,,,Down
csb04xbsw012e48,10.168.24.15,Hirschmann Railswitch,94:ae:e3:4b:4b:74,Hirschmann Automation and Control GmbH,Ok,port-004,,,,,Down
csb04xbsw012e48,10.168.24.15,Hirschmann Railswitch,94:ae:e3:4b:4b:74,Hirschmann Automation and Control GmbH,Ok,port-005,,,,,Down
csb04xbsw012e48,10.168.24.15,Hirschmann Railswitch,94:ae:e3:4b:4b:74,Hirschmann Automation and Control GmbH,Ok,port-006,,,,,Down
csb04xbsw012e48,10.168.24.15,Hirschmann Railswitch,94:ae:e3:4b:4b:74,Hirschmann Automation and Control GmbH,Ok,port-007,,port-002,rcp05xbsw01e7dd,94:ae:e3:49:d8:66,Up
csb04xbsw012e48,10.168.24.15,Hirschmann Railswitch,94:ae:e3:4b:4b:74,Hirschmann Automation and Control GmbH,Ok,port-008,,port-002,op10xbim01b20e,ec:1c:5d:14:8d:71,Up
ebxb0005xbvfd10117fe,10.168.24.184,SINAMICS G120 CU250S-2 V,00:1c:06:97:49:d5,SIEMENS AG,Ok,port-001,"Siemens, SINAMICS, Ethernet Port, X150 P1R",port-004,rcp05xbsw01e7dd,94:ae:e3:49:d8:66,Up
ebxb0005xbvfd10117fe,10.168.24.184,SINAMICS G120 CU250S-2 V,00:1c:06:97:49:d5,SIEMENS AG,Ok,port-002,"Siemens, SINAMICS, Ethernet Port, X150 P2R",port-001,rbxb0005xbvfd102e8f1,00:1c:06:97:2b:9a,Up
ebxb0010xbvfd1034311,10.168.24.130,SINAMICS G120 CU250S-2 V,00:1c:06:97:4a:0e,SIEMENS AG,Ok,port-001,"Siemens, SINAMICS, Ethernet Port, X150 P1R",port-002,rbxb0030xbvfd102b73e,00:1c:06:97:33:8f,Up
ebxb0010xbvfd1034311,10.168.24.130,SINAMICS G120 CU250S-2 V,00:1c:06:97:4a:0e,SIEMENS AG,Ok,port-002,"Siemens, SINAMICS, Ethernet Port, X150 P2R",,,,Down
ebxb0015xbvfd306d04f,10.168.24.145,SINAMICS G120 CU250S-2 V,00:1c:06:97:4b:d9,SIEMENS AG,Ok,port-001,"Siemens, SINAMICS, Ethernet Port, X150 P1R",port-002,fkxb0015xbvfd3052686,00:1c:06:97:2b:ac,Up
ebxb0015xbvfd306d04f,10.168.24.145,SINAMICS G120 CU250S-2 V,00:1c:06:97:4b:d9,SIEMENS AG,Ok,port-002,"Siemens, SINAMICS, Ethernet Port, X150 P2R",,,,Down
ebxb0020xbvfd2054e91,10.168.24.190,SINAMICS G120 CU250S-2 V,00:1c:06:97:47:f8,SIEMENS AG,Ok,port-001,"Siemens, SINAMICS, Ethernet Port, X150 P1R",port-006,rcp05xbsw01e7dd,94:ae:e3:49:d8:66,Up
ebxb0020xbvfd2054e91,10.168.24.190,SINAMICS G120 CU250S-2 V,00:1c:06:97:47:f8,SIEMENS AG,Ok,port-002,"Siemens, SINAMICS, Ethernet Port, X150 P2R",port-001,fkxb0020xbvfd206b858,00:1c:06:97:34:91,Up
fkxb0010xbvfd10476d9,10.168.24.131,SINAMICS G120 CU240E-2,00:1c:06:97:32:f6,SIEMENS AG,Ok,port-001,"Siemens, SINAMICS, Ethernet Port, X150 P1R",port-005,rcp01xbsw012798,94:ae:e3:49:d8:86,Up
fkxb0010xbvfd10476d9,10.168.24.131,SINAMICS G120 CU240E-2,00:1c:06:97:32:f6,SIEMENS AG,Ok,port-002,"Siemens, SINAMICS, Ethernet Port, X150 P2R",port-001,rbxb0035xbvfd1052540,00:1c:06:97:34:8b,Up
fkxb0015xbvfd3052686,10.168.24.144,SINAMICS G120 CU240E-2,00:1c:06:97:2b:ac,SIEMENS AG,Ok,port-001,"Siemens, SINAMICS, Ethernet Port, X150 P1R",port-002,rbxb0855xbvfd3045aea,00:1c:06:97:1e:e0,Up
fkxb0015xbvfd3052686,10.168.24.144,SINAMICS G120 CU240E-2,00:1c:06:97:2b:ac,SIEMENS AG,Ok,port-002,"Siemens, SINAMICS, Ethernet Port, X150 P2R",port-001,ebxb0015xbvfd306d04f,00:1c:06:97:4b:d9,Up
fkxb0020xbvfd206b858,10.168.24.191,SINAMICS G120 CU240E-2,00:1c:06:97:34:91,SIEMENS AG,Ok,port-001,"Siemens, SINAMICS, Ethernet Port, X150 P1R",port-002,ebxb0020xbvfd2054e91,00:1c:06:97:47:f8,Up
fkxb0020xbvfd206b858,10.168.24.191,SINAMICS G120 CU240E-2,00:1c:06:97:34:91,SIEMENS AG,Ok,port-002,"Siemens, SINAMICS, Ethernet Port, X150 P2R",port-001,rbxb0015xbvfd105efe1,00:1c:06:8d:5c:8a,Up
fxxxb0005xbvfd1033be7,10.168.24.186,SINAMICS G120 CU240E-2,00:1c:06:97:1f:28,SIEMENS AG,Ok,port-001,"Siemens, SINAMICS, Ethernet Port, X150 P1R",port-002,rbxb0005xbvfd102e8f1,00:1c:06:97:2b:9a,Up
fxxxb0005xbvfd1033be7,10.168.24.186,SINAMICS G120 CU240E-2,00:1c:06:97:1f:28,SIEMENS AG,Ok,port-002,"Siemens, SINAMICS, Ethernet Port, X150 P2R",,,,Down
hmi01xbhmi015269,10.168.24.30,TP1200 Comfort,8c:f3:19:5a:53:ca,SIEMENS AG,Ok,port-001,SOC1 Port 1,port-002,hmi01xbim01850d,,Up
hmi01xbhmi015269,10.168.24.30,TP1200 Comfort,8c:f3:19:5a:53:ca,SIEMENS AG,Ok,port-002,SOC1 Port 2,,,,Up
hmi01xbim01850d,10.168.24.50,ET200SP,ec:1c:5d:13:18:8f,SIEMENS AG,Ok,port-001,"Siemens, SIMATIC S7, Ethernet Port, X1 P1 R",port-002,jb01xbim010e1b,ec:1c:5d:13:12:83,Up
hmi01xbim01850d,10.168.24.50,ET200SP,ec:1c:5d:13:18:8f,SIEMENS AG,Ok,port-002,"Siemens, SIMATIC S7, Ethernet Port, X1 P2 R",port-001,hmi01xbhmi015269,8c:f3:19:5a:53:ca,Up
hmi02xbhmi014729,10.168.24.31,TP1200 Comfort,8c:f3:19:5a:97:5a,SIEMENS AG,Ok,port-001,SOC1 Port 1,port-002,hmi02xbim01853e,,Up
hmi02xbhmi014729,10.168.24.31,TP1200 Comfort,8c:f3:19:5a:97:5a,SIEMENS AG,Ok,port-002,SOC1 Port 2,,,,Up
hmi02xbim01853e,10.168.24.51,ET200SP,ec:1c:5d:13:26:7d,SIEMENS AG,Ok,port-001,"Siemens, SIMATIC S7, Ethernet Port, X1 P1 R",port-012,rcp01xbsw012798,94:ae:e3:49:d8:86,Up
hmi02xbim01853e,10.168.24.51,ET200SP,ec:1c:5d:13:26:7d,SIEMENS AG,Ok,port-002,"Siemens, SIMATIC S7, Ethernet Port, X1 P2 R",port-001,hmi02xbhmi014729,8c:f3:19:5a:97:5a,Up
hmi03xbhmi018be8,10.168.24.32,TP1200 Comfort,8c:f3:19:5a:16:80,SIEMENS AG,Ok,port-001,SOC1 Port 1,port-002,hmi03xbim01452e,,Up
hmi03xbhmi018be8,10.168.24.32,TP1200 Comfort,8c:f3:19:5a:16:80,SIEMENS AG,Ok,port-002,SOC1 Port 2,port-001,rfid01,,Up
hmi03xbim01452e,10.168.24.52,ET200SP,ec:1c:5d:13:25:90,SIEMENS AG,Ok,port-001,"Siemens, SIMATIC S7, Ethernet Port, X1 P1 R",port-013,rcp01xbsw012798,94:ae:e3:49:d8:86,Up
hmi03xbim01452e,10.168.24.52,ET200SP,ec:1c:5d:13:25:90,SIEMENS AG,Ok,port-002,"Siemens, SIMATIC S7, Ethernet Port, X1 P2 R",port-001,hmi03xbhmi018be8,8c:f3:19:5a:16:80,Up
hmi04xbhmi016da9,10.168.24.33,TP1200 Comfort,8c:f3:19:5a:82:f9,SIEMENS AG,Ok,port-001,SOC1 Port 1,port-002,hmi04xbim018558,,Up
hmi04xbhmi016da9,10.168.24.33,TP1200 Comfort,8c:f3:19:5a:82:f9,SIEMENS AG,Ok,port-002,SOC1 Port 2,port-001,rfid02,,Up
hmi04xbim018558,10.168.24.53,ET200SP,ec:1c:5d:13:27:d6,SIEMENS AG,Ok,port-001,"Siemens, SIMATIC S7, Ethernet Port, X1 P1 R",port-014,mcpxbsw01924b,94:ae:e3:49:da:06,Up
hmi04xbim018558,10.168.24.53,ET200SP,ec:1c:5d:13:27:d6,SIEMENS AG,Ok,port-002,"Siemens, SIMATIC S7, Ethernet Port, X1 P2 R",port-001,hmi04xbhmi016da9,8c:f3:19:5a:82:f9,Up
hmi05xbhmi01a168,10.168.24.34,TP1200 Comfort,8c:f3:19:42:72:2d,SIEMENS AG,Ok,port-001,SOC1 Port 1,port-002,hmi05xbim014548,,Up
hmi05xbhmi01a168,10.168.24.34,TP1200 Comfort,8c:f3:19:42:72:2d,SIEMENS AG,Ok,port-002,SOC1 Port 2,,,,Up
hmi05xbim014548,10.168.24.54,ET200SP,ec:1c:5d:13:27:4f,SIEMENS AG,Ok,port-001,"Siemens, SIMATIC S7, Ethernet Port, X1 P1 R",port-002,jb06xbim01ce6d,ec:1c:5d:13:29:54,Up
hmi05xbim014548,10.168.24.54,ET200SP,ec:1c:5d:13:27:4f,SIEMENS AG,Ok,port-002,"Siemens, SIMATIC S7, Ethernet Port, X1 P2 R",port-001,hmi05xbhmi01a168,8c:f3:19:42:72:2d,Up
hmi06xbhmi01b428,10.168.24.35,TP1200 Comfort,8c:f3:19:5a:83:13,SIEMENS AG,Ok,port-001,SOC1 Port 1,port-002,hmi06xbim01457b,,Up
hmi06xbhmi01b428,10.168.24.35,TP1200 Comfort,8c:f3:19:5a:83:13,SIEMENS AG,Ok,port-002,SOC1 Port 2,,,,Up
hmi06xbim01457b,10.168.24.55,ET200SP,ec:1c:5d:13:26:f2,SIEMENS AG,Ok,port-001,"Siemens, SIMATIC S7, Ethernet Port, X1 P1 R",port-002,jb07xbim010e7d,ec:1c:5d:13:26:a4,Up
hmi06xbim01457b,10.168.24.55,ET200SP,ec:1c:5d:13:26:f2,SIEMENS AG,Ok,port-002,"Siemens, SIMATIC S7, Ethernet Port, X1 P2 R",port-001,hmi06xbhmi01b428,8c:f3:19:5a:83:13,Up
hmi07xbhmi0178e9,10.168.24.36,TP1200 Comfort,8c:f3:19:5a:16:9b,SIEMENS AG,Ok,port-001,SOC1 Port 1,port-002,hmi07xbim01856b,,Up
hmi07xbhmi0178e9,10.168.24.36,TP1200 Comfort,8c:f3:19:5a:16:9b,SIEMENS AG,Ok,port-002,SOC1 Port 2,,,,Up
hmi07xbim01856b,10.168.24.56,ET200SP,ec:1c:5d:14:8d:b4,SIEMENS AG,Ok,port-001,"Siemens, SIMATIC S7, Ethernet Port, X1 P1 R",port-004,csb02xbsw012e2e,94:ae:e3:4b:3b:d8,Up
hmi07xbim01856b,10.168.24.56,ET200SP,ec:1c:5d:14:8d:b4,SIEMENS AG,Ok,port-002,"Siemens, SIMATIC S7, Ethernet Port, X1 P2 R",port-001,hmi07xbhmi0178e9,8c:f3:19:5a:16:9b,Up
hmi08xbhmi0138a9,10.168.24.37,TP1200 Comfort,8c:f3:19:5a:97:7d,SIEMENS AG,Ok,port-001,SOC1 Port 1,port-002,hmi08xbim018594,,Up
hmi08xbhmi0138a9,10.168.24.37,TP1200 Comfort,8c:f3:19:5a:97:7d,SIEMENS AG,Ok,port-002,SOC1 Port 2,,,,Up
hmi08xbim018594,10.168.24.57,ET200SP,ec:1c:5d:13:18:32,SIEMENS AG,Ok,port-001,"Siemens, SIMATIC S7, Ethernet Port, X1 P1 R",port-010,rcp03xbsw01e7bb,94:ae:e3:49:da:86,Up
hmi08xbim018594,10.168.24.57,ET200SP,ec:1c:5d:13:18:32,SIEMENS AG,Ok,port-002,"Siemens, SIMATIC S7, Ethernet Port, X1 P2 R",port-001,hmi08xbhmi0138a9,8c:f3:19:5a:97:7d,Up
hmi09xbhmi01f468,10.168.24.38,TP1200 Comfort,8c:f3:19:5a:97:0b,SIEMENS AG,Ok,port-001,SOC1 Port 1,port-002,hmi09xbim014584,,Up
hmi09xbhmi01f468,10.168.24.38,TP1200 Comfort,8c:f3:19:5a:97:0b,SIEMENS AG,Ok,port-002,SOC1 Port 2,,,,Up
hmi09xbim014584,10.168.24.58,ET200SP,ec:1c:5d:13:18:6b,SIEMENS AG,Ok,port-001,"Siemens, SIMATIC S7, Ethernet Port, X1 P1 R",port-014,rcp01xbsw012798,94:ae:e3:49:d8:86,Up
hmi09xbim014584,10.168.24.58,ET200SP,ec:1c:5d:13:18:6b,SIEMENS AG,Ok,port-002,"Siemens, SIMATIC S7, Ethernet Port, X1 P2 R",port-001,hmi09xbhmi01f468,8c:f3:19:5a:97:0b,Up
hmi10xbhmi010ea5,10.168.24.39,TP1200 Comfort,8c:f3:19:5a:b7:81,SIEMENS AG,Ok,port-001,SOC1 Port 1,,,,Up
hmi10xbhmi010ea5,10.168.24.39,TP1200 Comfort,8c:f3:19:5a:b7:81,SIEMENS AG,Ok,port-002,SOC1 Port 2,port-002,hmi10xbim0189dc,,Up
hmi10xbim0189dc,10.168.24.59,ET200SP,ec:1c:5d:13:26:38,SIEMENS AG,Ok,port-001,"Siemens, SIMATIC S7, Ethernet Port, X1 P1 R",port-015,rcp05xbsw01e7dd,94:ae:e3:49:d8:66,Up
hmi10xbim0189dc,10.168.24.59,ET200SP,ec:1c:5d:13:26:38,SIEMENS AG,Ok,port-002,"Siemens, SIMATIC S7, Ethernet Port, X1 P2 R",port-002,hmi10xbhmi010ea5,8c:f3:19:5a:b7:81,Up
hmi11xbhmi01.profinetxaschnittstellexb1d906,10.168.24.40,TP1500 Comfort V2,30:13:89:27:1d:f1,SIEMENS AG,Ok,port-001,SOC1 Port 1,port-001,hmi11xbim0149cc,,Up
hmi11xbhmi01.profinetxaschnittstellexb1d906,10.168.24.40,TP1500 Comfort V2,30:13:89:27:1d:f1,SIEMENS AG,Ok,port-001,I210_GEC Port 1,,,,Up
hmi11xbhmi01.profinetxaschnittstellexb1d906,10.168.24.40,TP1500 Comfort V2,30:13:89:27:1d:f1,SIEMENS AG,Ok,port-002,SOC1 Port 2,,,,Up
hmi11xbim0149cc,10.168.24.93,ET200SP,ec:1c:5d:4b:cc:4a,SIEMENS AG,Ok,port-001,"Siemens, SIMATIC S7, Ethernet Port, X1 P1",port-001,hmi11xbhmi01.profinetxaschnittstellexb1d906,30:13:89:27:1d:f1,Up
hmi11xbim0149cc,10.168.24.93,ET200SP,ec:1c:5d:4b:cc:4a,SIEMENS AG,Ok,port-002,"Siemens, SIMATIC S7, Ethernet Port, X1 P2",port-004,,38:4b:24:21:1c:30,Up
jb01xbim010e1b,10.168.24.85,ET200SP,ec:1c:5d:13:12:83,SIEMENS AG,Ok,port-001,"Siemens, SIMATIC S7, Ethernet Port, X1 P1 R",port-009,rcp05xbsw01e7dd,94:ae:e3:49:d8:66,Up
jb01xbim010e1b,10.168.24.85,ET200SP,ec:1c:5d:13:12:83,SIEMENS AG,Ok,port-002,"Siemens, SIMATIC S7, Ethernet Port, X1 P2 R",port-001,hmi01xbim01850d,ec:1c:5d:13:18:8f,Up
jb02xbim010e28,10.168.24.86,ET200SP,ec:1c:5d:13:27:67,SIEMENS AG,Ok,port-001,"Siemens, SIMATIC S7, Ethernet Port, X1 P1 R",,,,Down
jb02xbim010e28,10.168.24.86,ET200SP,ec:1c:5d:13:27:67,SIEMENS AG,Ok,port-002,"Siemens, SIMATIC S7, Ethernet Port, X1 P2 R",port-001,csb04xbsw012e48,94:ae:e3:4b:4b:74,Up
jb03xbim01ce38,10.168.24.87,ET200SP,ec:1c:5d:13:22:91,SIEMENS AG,Ok,port-001,"Siemens, SIMATIC S7, Ethernet Port, X1 P1 R",,,,Down
jb03xbim01ce38,10.168.24.87,ET200SP,ec:1c:5d:13:22:91,SIEMENS AG,Ok,port-002,"Siemens, SIMATIC S7, Ethernet Port, X1 P2 R",port-001,jb04xbim010e4e,ec:1c:5d:13:29:6e,Up
jb04xbim010e4e,10.168.24.88,ET200SP,ec:1c:5d:13:29:6e,SIEMENS AG,Ok,port-001,"Siemens, SIMATIC S7, Ethernet Port, X1 P1 R",port-002,jb03xbim01ce38,ec:1c:5d:13:22:91,Up
jb04xbim010e4e,10.168.24.88,ET200SP,ec:1c:5d:13:29:6e,SIEMENS AG,Ok,port-002,"Siemens, SIMATIC S7, Ethernet Port, X1 P2 R",port-002,csb01xbsw012e1d,94:ae:e3:4b:4c:78,Up
jb05xbim01ce5e,10.168.24.89,ET200SP,ec:1c:5d:13:25:db,SIEMENS AG,Ok,port-001,"Siemens, SIMATIC S7, Ethernet Port, X1 P1 R",port-013,mcpxbsw01924b,94:ae:e3:49:da:06,Up
jb05xbim01ce5e,10.168.24.89,ET200SP,ec:1c:5d:13:25:db,SIEMENS AG,Ok,port-002,"Siemens, SIMATIC S7, Ethernet Port, X1 P2 R",port-002,op04xbim01be8a,ec:1c:5d:14:8e:34,Up
jb06xbim01ce6d,10.168.24.90,ET200SP,ec:1c:5d:13:29:54,SIEMENS AG,Ok,port-001,"Siemens, SIMATIC S7, Ethernet Port, X1 P1 R",port-011,mcpxbsw01924b,94:ae:e3:49:da:06,Up
jb06xbim01ce6d,10.168.24.90,ET200SP,ec:1c:5d:13:29:54,SIEMENS AG,Ok,port-002,"Siemens, SIMATIC S7, Ethernet Port, X1 P2 R",port-001,hmi05xbim014548,ec:1c:5d:13:27:4f,Up
jb07xbim010e7d,10.168.24.91,ET200SP,ec:1c:5d:13:26:a4,SIEMENS AG,Ok,port-001,"Siemens, SIMATIC S7, Ethernet Port, X1 P1 R",port-001,csb02xbsw012e2e,94:ae:e3:4b:3b:d8,Up
jb07xbim010e7d,10.168.24.91,ET200SP,ec:1c:5d:13:26:a4,SIEMENS AG,Ok,port-002,"Siemens, SIMATIC S7, Ethernet Port, X1 P2 R",port-001,hmi06xbim01457b,ec:1c:5d:13:26:f2,Up
jb08xbim010e82,10.168.24.92,ET200SP,ec:1c:5d:13:27:6a,SIEMENS AG,Ok,port-001,"Siemens, SIMATIC S7, Ethernet Port, X1 P1 R",port-002,op05xbim017e9a,ec:1c:5d:14:8d:d3,Up
jb08xbim010e82,10.168.24.92,ET200SP,ec:1c:5d:13:27:6a,SIEMENS AG,Ok,port-002,"Siemens, SIMATIC S7, Ethernet Port, X1 P2 R",port-009,rcp03xbsw01e7bb,94:ae:e3:49:da:86,Up
larmxb0005xbvfd3052dfa,10.168.24.158,SINAMICS G120 CU240E-2,00:1c:06:97:b3:af,SIEMENS AG,Ok,port-001,"Siemens, SINAMICS, Ethernet Port, X150 P1R",port-007,rcp03xbsw01e7bb,94:ae:e3:49:da:86,Up
larmxb0005xbvfd3052dfa,10.168.24.158,SINAMICS G120 CU240E-2,00:1c:06:97:b3:af,SIEMENS AG,Ok,port-002,"Siemens, SINAMICS, Ethernet Port, X150 P2R",port-001,rarmxb0005xbvfd30602dc,00:1c:06:97:b3:64,Up
mcpxbcm01956e,10.168.24.111,PAC3220,10:df:fc:07:c3:8d,SIEMENS AG,Ok,port-001,"Siemens, SENTRON, Ethernet Port, X1 P1",port-010,mcpxbsw01924b,94:ae:e3:49:da:06,Up
mcpxbcm01956e,10.168.24.111,PAC3220,10:df:fc:07:c3:8d,SIEMENS AG,Ok,port-002,"Siemens, SENTRON, Ethernet Port, X1 P2",,,,Down
mcpxbim014d6d,10.168.24.41,ET200SP,ec:1c:5d:13:0d:98,SIEMENS AG,Ok,port-001,"Siemens, SIMATIC S7, Ethernet Port, X1 P1 R",port-004,mcpxbsw01924b,94:ae:e3:49:da:06,Up
mcpxbim014d6d,10.168.24.41,ET200SP,ec:1c:5d:13:0d:98,SIEMENS AG,Ok,port-002,"Siemens, SIMATIC S7, Ethernet Port, X1 P2 R",port-001,mcpxbim024c2d,ec:1c:5d:13:0b:b0,Up
mcpxbim024c2d,10.168.24.42,ET200SP,ec:1c:5d:13:0b:b0,SIEMENS AG,Ok,port-001,"Siemens, SIMATIC S7, Ethernet Port, X1 P1 R",port-002,mcpxbim014d6d,ec:1c:5d:13:0d:98,Up
mcpxbim024c2d,10.168.24.42,ET200SP,ec:1c:5d:13:0b:b0,SIEMENS AG,Ok,port-002,"Siemens, SIMATIC S7, Ethernet Port, X1 P2 R",,,,Down
mcpxbsw01924b,10.168.24.6,Hirschmann Railswitch,94:ae:e3:49:da:06,Hirschmann Automation and Control GmbH,Ok,port-001,,port-003,csb01xbsw012e1d,94:ae:e3:4b:4c:78,Up
mcpxbsw01924b,10.168.24.6,Hirschmann Railswitch,94:ae:e3:49:da:06,Hirschmann Automation and Control GmbH,Ok,port-002,,port-002,csb02xbsw012e2e,94:ae:e3:4b:3b:d8,Up
mcpxbsw01924b,10.168.24.6,Hirschmann Railswitch,94:ae:e3:49:da:06,Hirschmann Automation and Control GmbH,Ok,port-003,,port-002,pbs.profinetxbinterfacexbxx176ad,ec:1c:5d:27:de:b9,Up
mcpxbsw01924b,10.168.24.6,Hirschmann Railswitch,94:ae:e3:49:da:06,Hirschmann Automation and Control GmbH,Ok,port-004,,port-001,mcpxbim014d6d,ec:1c:5d:13:0d:98,Up
mcpxbsw01924b,10.168.24.6,Hirschmann Railswitch,94:ae:e3:49:da:06,Hirschmann Automation and Control GmbH,Ok,port-005,,port-001,rbxb0140xbvfd202917b,00:1c:06:96:6e:0e,Up
mcpxbsw01924b,10.168.24.6,Hirschmann Railswitch,94:ae:e3:49:da:06,Hirschmann Automation and Control GmbH,Ok,port-006,,port-001,rbxb0440xbvfd2085aea,00:1c:06:97:2b:88,Up
mcpxbsw01924b,10.168.24.6,Hirschmann Railswitch,94:ae:e3:49:da:06,Hirschmann Automation and Control GmbH,Ok,port-007,,port-001,rbxb0450xbvfd211097a,00:1c:06:97:1f:e8,Up
mcpxbsw01924b,10.168.24.6,Hirschmann Railswitch,94:ae:e3:49:da:06,Hirschmann Automation and Control GmbH,Ok,port-008,,port-001,rbxb0475xbvfd302c2f4,00:1c:06:95:f7:cf,Up
mcpxbsw01924b,10.168.24.6,Hirschmann Railswitch,94:ae:e3:49:da:06,Hirschmann Automation and Control GmbH,Ok,port-009,,port-001,rbxb0490xbvfd305a5eb,00:1c:06:97:2b:c1,Up
mcpxbsw01924b,10.168.24.6,Hirschmann Railswitch,94:ae:e3:49:da:06,Hirschmann Automation and Control GmbH,Ok,port-010,,port-001,mcpxbcm01956e,10:df:fc:07:c3:8d,Up
mcpxbsw01924b,10.168.24.6,Hirschmann Railswitch,94:ae:e3:49:da:06,Hirschmann Automation and Control GmbH,Ok,port-011,,port-001,jb06xbim01ce6d,ec:1c:5d:13:29:54,Up
mcpxbsw01924b,10.168.24.6,Hirschmann Railswitch,94:ae:e3:49:da:06,Hirschmann Automation and Control GmbH,Ok,port-012,,,,,Down
mcpxbsw01924b,10.168.24.6,Hirschmann Railswitch,94:ae:e3:49:da:06,Hirschmann Automation and Control GmbH,Ok,port-013,,port-001,jb05xbim01ce5e,ec:1c:5d:13:25:db,Up
mcpxbsw01924b,10.168.24.6,Hirschmann Railswitch,94:ae:e3:49:da:06,Hirschmann Automation and Control GmbH,Ok,port-014,,port-001,hmi04xbim018558,ec:1c:5d:13:27:d6,Up
mcpxbsw01924b,10.168.24.6,Hirschmann Railswitch,94:ae:e3:49:da:06,Hirschmann Automation and Control GmbH,Ok,port-015,,port-001,pbsxbdoor-couplere0d4,ec:1c:5d:17:ff:32,Up
mcpxbsw01924b,10.168.24.6,Hirschmann Railswitch,94:ae:e3:49:da:06,Hirschmann Automation and Control GmbH,Ok,port-016,,port-001,nio-bs-arlen,bc:0f:f3:86:19:55,Up
op02xbim01beec,10.168.24.61,ET200SP,ec:1c:5d:14:8e:63,SIEMENS AG,Ok,port-001,"Siemens, SIMATIC S7, Ethernet Port, X1 P1 R",,,,Down
op02xbim01beec,10.168.24.61,ET200SP,ec:1c:5d:14:8e:63,SIEMENS AG,Ok,port-002,"Siemens, SIMATIC S7, Ethernet Port, X1 P2 R",port-006,csb01xbsw012e1d,94:ae:e3:4b:4c:78,Up
op03xbim017efc,10.168.24.62,ET200SP,ec:1c:5d:14:8d:a8,SIEMENS AG,Ok,port-001,"Siemens, SIMATIC S7, Ethernet Port, X1 P1 R",,,,Down
op03xbim017efc,10.168.24.62,ET200SP,ec:1c:5d:14:8d:a8,SIEMENS AG,Ok,port-002,"Siemens, SIMATIC S7, Ethernet Port, X1 P2 R",port-005,csb01xbsw012e1d,94:ae:e3:4b:4c:78,Up
op04xbim01be8a,10.168.24.63,ET200SP,ec:1c:5d:14:8e:34,SIEMENS AG,Ok,port-001,"Siemens, SIMATIC S7, Ethernet Port, X1 P1 R",,,,Down
op04xbim01be8a,10.168.24.63,ET200SP,ec:1c:5d:14:8e:34,SIEMENS AG,Ok,port-002,"Siemens, SIMATIC S7, Ethernet Port, X1 P2 R",port-002,jb05xbim01ce5e,ec:1c:5d:13:25:db,Up
op05xbim017e9a,10.168.24.64,ET200SP,ec:1c:5d:14:8d:d3,SIEMENS AG,Ok,port-001,"Siemens, SIMATIC S7, Ethernet Port, X1 P1 R",port-003,,38:4b:24:21:1c:30,Up
op05xbim017e9a,10.168.24.64,ET200SP,ec:1c:5d:14:8d:d3,SIEMENS AG,Ok,port-002,"Siemens, SIMATIC S7, Ethernet Port, X1 P2 R",port-001,jb08xbim010e82,ec:1c:5d:13:27:6a,Up
op06xbim017ea9,10.168.24.65,ET200SP,ec:1c:5d:14:8e:53,SIEMENS AG,Ok,port-001,"Siemens, SIMATIC S7, Ethernet Port, X1 P1 R",,,,Down
op06xbim017ea9,10.168.24.65,ET200SP,ec:1c:5d:14:8e:53,SIEMENS AG,Ok,port-002,"Siemens, SIMATIC S7, Ethernet Port, X1 P2 R",port-011,rcp03xbsw01e7bb,94:ae:e3:49:da:86,Up
op07xbim01beb9,10.168.24.66,ET200SP,ec:1c:5d:14:8d:9d,SIEMENS AG,Ok,port-001,"Siemens, SIMATIC S7, Ethernet Port, X1 P1 R",port-012,rcp04xbsw0127cd,94:ae:e3:49:db:06,Up
op07xbim01beb9,10.168.24.66,ET200SP,ec:1c:5d:14:8d:9d,SIEMENS AG,Ok,port-002,"Siemens, SIMATIC S7, Ethernet Port, X1 P2 R",,,,Down
op08xbim01be46,10.168.24.67,ET200SP,ec:1c:5d:14:8d:6e,SIEMENS AG,Ok,port-001,"Siemens, SIMATIC S7, Ethernet Port, X1 P1 R",,,,Down
op08xbim01be46,10.168.24.67,ET200SP,ec:1c:5d:14:8d:6e,SIEMENS AG,Ok,port-002,"Siemens, SIMATIC S7, Ethernet Port, X1 P2 R",port-002,csb03xbsw01ee3e,94:ae:e3:4b:3c:a0,Up
op09xbim017e56,10.168.24.68,ET200SP,ec:1c:5d:14:8e:60,SIEMENS AG,Ok,port-001,"Siemens, SIMATIC S7, Ethernet Port, X1 P1 R",,,,Down
op09xbim017e56,10.168.24.68,ET200SP,ec:1c:5d:14:8e:60,SIEMENS AG,Ok,port-002,"Siemens, SIMATIC S7, Ethernet Port, X1 P2 R",port-004,rcp02xbsw0127ab,94:ae:e3:4b:3c:3c,Up
op10xbim01b20e,10.168.24.69,ET200SP,ec:1c:5d:14:8d:71,SIEMENS AG,Ok,port-001,"Siemens, SIMATIC S7, Ethernet Port, X1 P1 R",,,,Down
op10xbim01b20e,10.168.24.69,ET200SP,ec:1c:5d:14:8d:71,SIEMENS AG,Ok,port-002,"Siemens, SIMATIC S7, Ethernet Port, X1 P2 R",port-008,csb04xbsw012e48,94:ae:e3:4b:4b:74,Up
pbs.profinetxbinterfacexbxx176ad,10.168.24.5,S7-1500,ec:1c:5d:27:de:b9,SIEMENS AG,Ok,port-001,"Siemens, SIMATIC S7, Ethernet Port, X1 P1R",,,,Down
pbs.profinetxbinterfacexbxx176ad,10.168.24.5,S7-1500,ec:1c:5d:27:de:b9,SIEMENS AG,Ok,port-001,"Siemens, SIMATIC S7, Ethernet Port, X2 P1",,,,Down
pbs.profinetxbinterfacexbxx176ad,10.168.24.5,S7-1500,ec:1c:5d:27:de:b9,SIEMENS AG,Ok,port-001,"Siemens, SIMATIC S7, Ethernet Port, X3 P1",,,,Down
pbs.profinetxbinterfacexbxx176ad,10.168.24.5,S7-1500,ec:1c:5d:27:de:b9,SIEMENS AG,Ok,port-001,"Siemens, SIMATIC S7, Ethernet Port, W1 P1",,,,Up
pbs.profinetxbinterfacexbxx176ad,10.168.24.5,S7-1500,ec:1c:5d:27:de:b9,SIEMENS AG,Ok,port-002,"Siemens, SIMATIC S7, Ethernet Port, X1 P2R",port-003,mcpxbsw01924b,,Up
pbsxbbdc.xx21f66,10.168.24.28,PNPN_IOC,ec:1c:5d:16:a7:bf,SIEMENS AG,Ok,port-001,"Siemens, SIMATIC S7, Ethernet Port, X2 P1 R",port-016,rcp05xbsw01e7dd,94:ae:e3:49:d8:66,Up
pbsxbbdc.xx21f66,10.168.24.28,PNPN_IOC,ec:1c:5d:16:a7:bf,SIEMENS AG,Ok,port-002,"Siemens, SIMATIC S7, Ethernet Port, X2 P2 R",,,,Down
pbsxbdk1685f,10.168.24.23,PNPN_IOC,ac:64:17:ec:6c:79,SIEMENS AG,Ok,port-001,"Siemens, SIMATIC S7, Ethernet Port, X2 P1 R",port-007,csb02xbsw012e2e,94:ae:e3:4b:3b:d8,Up
pbsxbdk1685f,10.168.24.23,PNPN_IOC,ac:64:17:ec:6c:79,SIEMENS AG,Ok,port-002,"Siemens, SIMATIC S7, Ethernet Port, X2 P2 R",,,,Down
pbsxbdk2691f,10.168.24.24,PNPN_IOC,ac:64:17:ec:73:32,SIEMENS AG,Ok,port-001,"Siemens, SIMATIC S7, Ethernet Port, X2 P1 R",port-005,csb02xbsw012e2e,94:ae:e3:4b:3b:d8,Up
pbsxbdk2691f,10.168.24.24,PNPN_IOC,ac:64:17:ec:73:32,SIEMENS AG,Ok,port-002,"Siemens, SIMATIC S7, Ethernet Port, X2 P2 R",,,,Down
pbsxbdoor-couplere0d4,10.168.24.25,PNPN_IOC,ec:1c:5d:17:ff:32,SIEMENS AG,Ok,port-001,"Siemens, SIMATIC S7, Ethernet Port, X2 P1 R",port-015,mcpxbsw01924b,94:ae:e3:49:da:06,Up
pbsxbdoor-couplere0d4,10.168.24.25,PNPN_IOC,ec:1c:5d:17:ff:32,SIEMENS AG,Ok,port-002,"Siemens, SIMATIC S7, Ethernet Port, X2 P2 R",,,,Down
pbsxbtlxx.xx2167b,10.168.24.49,PNPN_IOC,ec:1c:5d:71:bc:f4,SIEMENS AG,Ok,port-001,"Siemens, SIMATIC S7, Ethernet Port, X2 P1 R",,,,Down
pbsxbtlxx.xx2167b,10.168.24.49,PNPN_IOC,ec:1c:5d:71:bc:f4,SIEMENS AG,Ok,port-002,"Siemens, SIMATIC S7, Ethernet Port, X2 P2 R",port-010,rcp05xbsw01e7dd,94:ae:e3:49:d8:66,Up
pbsxbtrim12xbcop01ef80,10.168.24.27,PNPN_IOC,ac:64:17:f1:d7:3a,SIEMENS AG,Ok,port-001,"Siemens, SIMATIC S7, Ethernet Port, X2 P1 R",,,,Down
pbsxbtrim12xbcop01ef80,10.168.24.27,PNPN_IOC,ac:64:17:f1:d7:3a,SIEMENS AG,Ok,port-002,"Siemens, SIMATIC S7, Ethernet Port, X2 P2 R",port-014,rcp03xbsw01e7bb,94:ae:e3:49:da:86,Up
psxb0005xbvfd2064650,10.168.24.173,SINAMICS G120 CU240E-2,00:1c:06:97:1f:97,SIEMENS AG,Ok,port-001,"Siemens, SINAMICS, Ethernet Port, X150 P1R",port-002,rbxb0545xbvfd2053310,00:1c:06:95:b4:1d,Up
psxb0005xbvfd2064650,10.168.24.173,SINAMICS G120 CU240E-2,00:1c:06:97:1f:97,SIEMENS AG,Ok,port-002,"Siemens, SINAMICS, Ethernet Port, X150 P2R",,,,Down
psxb0010xbvfd20713ff,10.168.24.174,SINAMICS G120 CU240E-2,00:1c:06:96:a1:94,SIEMENS AG,Ok,port-001,"Siemens, SINAMICS, Ethernet Port, X150 P1R",port-011,rcp04xbsw0127cd,94:ae:e3:49:db:06,Up
psxb0010xbvfd20713ff,10.168.24.174,SINAMICS G120 CU240E-2,00:1c:06:96:a1:94,SIEMENS AG,Ok,port-002,"Siemens, SINAMICS, Ethernet Port, X150 P2R",port-001,rbxb0550xbvfd20863bf,00:1c:06:97:0e:6f,Up
psxb0020xbvfd3031f5f,10.168.24.156,SINAMICS G120 CU240E-2,00:1c:06:97:1d:cc,SIEMENS AG,Ok,port-001,"Siemens, SINAMICS, Ethernet Port, X150 P1R",port-002,stxb0005xbvfd302b607,00:1c:06:97:48:07,Up
psxb0020xbvfd3031f5f,10.168.24.156,SINAMICS G120 CU240E-2,00:1c:06:97:1d:cc,SIEMENS AG,Ok,port-002,"Siemens, SINAMICS, Ethernet Port, X150 P2R",port-001,rbxb0640xbvfd30427b0,00:1c:06:97:2d:bf,Up
ptxb0005xbvfd10644e7,10.168.24.133,SINAMICS G120 CU240E-2,00:1c:06:97:2b:8e,SIEMENS AG,Ok,port-001,"Siemens, SINAMICS, Ethernet Port, X150 P1R",port-002,rbxb0035xbvfd1052540,00:1c:06:97:34:8b,Up
ptxb0005xbvfd10644e7,10.168.24.133,SINAMICS G120 CU240E-2,00:1c:06:97:2b:8e,SIEMENS AG,Ok,port-002,"Siemens, SINAMICS, Ethernet Port, X150 P2R",,,,Down
ptxb0010xbvfd301d369,10.168.24.123,SINAMICS G120 CU240E-2,00:1c:06:97:2b:be,SIEMENS AG,Ok,port-001,"Siemens, SINAMICS, Ethernet Port, X150 P1R",port-002,rbxb0470xbvfd21500da,00:1c:06:97:1f:16,Up
ptxb0010xbvfd301d369,10.168.24.123,SINAMICS G120 CU240E-2,00:1c:06:97:2b:be,SIEMENS AG,Ok,port-002,"Siemens, SINAMICS, Ethernet Port, X150 P2R",,,,Down
ptxb0015xbvfd10143f7,10.168.24.161,SINAMICS G120 CU240E-2,00:1c:06:97:34:73,SIEMENS AG,Ok,port-001,"Siemens, SINAMICS, Ethernet Port, X150 P1R",port-014,rcp04xbsw0127cd,94:ae:e3:49:db:06,Up
ptxb0015xbvfd10143f7,10.168.24.161,SINAMICS G120 CU240E-2,00:1c:06:97:34:73,SIEMENS AG,Ok,port-002,"Siemens, SINAMICS, Ethernet Port, X150 P2R",port-001,rbxb0495xbvfd102f734,00:1c:06:95:f7:60,Up
ptxb0020xbvfd403dca9,10.168.24.178,SINAMICS G120 CU240E-2,00:1c:06:96:6d:e7,SIEMENS AG,Ok,port-001,"Siemens, SINAMICS, Ethernet Port, X150 P1R",port-007,rcp04xbsw0127cd,94:ae:e3:49:db:06,Up
ptxb0020xbvfd403dca9,10.168.24.178,SINAMICS G120 CU240E-2,00:1c:06:96:6d:e7,SIEMENS AG,Ok,port-002,"Siemens, SINAMICS, Ethernet Port, X150 P2R",port-001,rbxb0755xbvfd4048f6b,00:1c:06:96:a2:7b,Up
ptxb0025xbvfd4098b16,10.168.24.182,SINAMICS G120 CU240E-2,00:1c:06:97:2b:8b,SIEMENS AG,Ok,port-001,"Siemens, SINAMICS, Ethernet Port, X150 P1R",port-002,rbxb0775xbvfd40840ca,00:1c:06:96:a1:52,Up
ptxb0025xbvfd4098b16,10.168.24.182,SINAMICS G120 CU240E-2,00:1c:06:97:2b:8b,SIEMENS AG,Ok,port-002,"Siemens, SINAMICS, Ethernet Port, X150 P2R",port-001,rbxb0780xbvfd41076c5,00:1c:06:97:2b:ca,Up
ptxb0030xbvfd303d849,10.168.24.142,SINAMICS G120 CU240E-2,00:1c:06:96:6d:d8,SIEMENS AG,Ok,port-001,"Siemens, SINAMICS, Ethernet Port, X150 P1R",port-002,rbxb0850xbvfd3020855,00:1c:06:97:0e:72,Up
ptxb0030xbvfd303d849,10.168.24.142,SINAMICS G120 CU240E-2,00:1c:06:96:6d:d8,SIEMENS AG,Ok,port-002,"Siemens, SINAMICS, Ethernet Port, X150 P2R",,,,Down
ptxb0035xbvfd3101937,10.168.24.194,SINAMICS G120 CU240E-2,00:1c:06:97:1f:9d,SIEMENS AG,Ok,port-001,"Siemens, SINAMICS, Ethernet Port, X150 P1R",port-002,rbxb0655xbvfd309771f,00:1c:06:97:1f:43,Up
ptxb0035xbvfd3101937,10.168.24.194,SINAMICS G120 CU240E-2,00:1c:06:97:1f:9d,SIEMENS AG,Ok,port-002,"Siemens, SINAMICS, Ethernet Port, X150 P2R",,,,Down
rarmxb0005xbvfd30602dc,10.168.24.159,SINAMICS G120 CU240E-2,00:1c:06:97:b3:64,SIEMENS AG,Ok,port-001,"Siemens, SINAMICS, Ethernet Port, X150 P1R",port-002,larmxb0005xbvfd3052dfa,00:1c:06:97:b3:af,Up
rarmxb0005xbvfd30602dc,10.168.24.159,SINAMICS G120 CU240E-2,00:1c:06:97:b3:64,SIEMENS AG,Ok,port-002,"Siemens, SINAMICS, Ethernet Port, X150 P2R",port-001,rbxb0645xbvfd30776cf,00:1c:06:97:b3:34,Up
rarmxb0010xbvfd3130473,10.168.24.196,SINAMICS G120 CU240E-2,00:1c:06:96:ca:18,SIEMENS AG,Ok,port-001,"Siemens, SINAMICS, Ethernet Port, X150 P1R",port-002,rbxb0645xbvfd30776cf,00:1c:06:97:b3:34,Up
rarmxb0010xbvfd3130473,10.168.24.196,SINAMICS G120 CU240E-2,00:1c:06:96:ca:18,SIEMENS AG,Ok,port-002,"Siemens, SINAMICS, Ethernet Port, X150 P2R",,,,Down
rbxb0005xbvfd102e8f1,10.168.24.185,SINAMICS G120 CU240E-2,00:1c:06:97:2b:9a,SIEMENS AG,Ok,port-001,"Siemens, SINAMICS, Ethernet Port, X150 P1R",port-002,ebxb0005xbvfd10117fe,00:1c:06:97:49:d5,Up
rbxb0005xbvfd102e8f1,10.168.24.185,SINAMICS G120 CU240E-2,00:1c:06:97:2b:9a,SIEMENS AG,Ok,port-002,"Siemens, SINAMICS, Ethernet Port, X150 P2R",port-001,fxxxb0005xbvfd1033be7,00:1c:06:97:1f:28,Up
rbxb0010xbvfd1047f1f,10.168.24.187,SINAMICS G120 CU240E-2,00:1c:06:97:2b:94,SIEMENS AG,Ok,port-001,"Siemens, SINAMICS, Ethernet Port, X150 P1R",port-005,rcp05xbsw01e7dd,94:ae:e3:49:d8:66,Up
rbxb0010xbvfd1047f1f,10.168.24.187,SINAMICS G120 CU240E-2,00:1c:06:97:2b:94,SIEMENS AG,Ok,port-002,"Siemens, SINAMICS, Ethernet Port, X150 P2R",port-001,rbxb0880xbvfd203f254,00:1c:06:97:2b:d0,Up
rbxb0015xbvfd105efe1,10.168.24.203,SINAMICS G120 CU240E-2,00:1c:06:8d:5c:8a,SIEMENS AG,Ok,port-001,"Siemens, SINAMICS, Ethernet Port, X150 P1R",port-002,fkxb0020xbvfd206b858,00:1c:06:97:34:91,Up
rbxb0015xbvfd105efe1,10.168.24.203,SINAMICS G120 CU240E-2,00:1c:06:8d:5c:8a,SIEMENS AG,Ok,port-002,"Siemens, SINAMICS, Ethernet Port, X150 P2R",,,,Down
rbxb0025xbvfd1012310,10.168.24.128,SINAMICS G120 CU240E-2,00:1c:06:96:19:96,SIEMENS AG,Ok,port-001,"Siemens, SINAMICS, Ethernet Port, X150 P1R",port-004,rcp01xbsw012798,94:ae:e3:49:d8:86,Up
rbxb0025xbvfd1012310,10.168.24.128,SINAMICS G120 CU240E-2,00:1c:06:96:19:96,SIEMENS AG,Ok,port-002,"Siemens, SINAMICS, Ethernet Port, X150 P2R",port-001,rbxb0030xbvfd102b73e,00:1c:06:97:33:8f,Up
rbxb0030xbvfd102b73e,10.168.24.129,SINAMICS G120 CU240E-2,00:1c:06:97:33:8f,SIEMENS AG,Ok,port-001,"Siemens, SINAMICS, Ethernet Port, X150 P1R",port-002,rbxb0025xbvfd1012310,00:1c:06:96:19:96,Up
rbxb0030xbvfd102b73e,10.168.24.129,SINAMICS G120 CU240E-2,00:1c:06:97:33:8f,SIEMENS AG,Ok,port-002,"Siemens, SINAMICS, Ethernet Port, X150 P2R",port-001,ebxb0010xbvfd1034311,00:1c:06:97:4a:0e,Up
rbxb0035xbvfd1052540,10.168.24.132,SINAMICS G120 CU240E-2,00:1c:06:97:34:8b,SIEMENS AG,Ok,port-001,"Siemens, SINAMICS, Ethernet Port, X150 P1R",port-002,fkxb0010xbvfd10476d9,00:1c:06:97:32:f6,Up
rbxb0035xbvfd1052540,10.168.24.132,SINAMICS G120 CU240E-2,00:1c:06:97:34:8b,SIEMENS AG,Ok,port-002,"Siemens, SINAMICS, Ethernet Port, X150 P2R",port-001,ptxb0005xbvfd10644e7,00:1c:06:97:2b:8e,Up
rbxb0040xbvfd2026d7f,10.168.24.135,SINAMICS G120 CU240E-2,00:1c:06:97:33:0b,SIEMENS AG,Ok,port-001,"Siemens, SINAMICS, Ethernet Port, X150 P1R",port-002,tcxb0005xbvfd2014b03,00:1c:06:97:4b:22,Up
rbxb0040xbvfd2026d7f,10.168.24.135,SINAMICS G120 CU240E-2,00:1c:06:97:33:0b,SIEMENS AG,Ok,port-002,"Siemens, SINAMICS, Ethernet Port, X150 P2R",port-001,rbxb0045xbvfd203fd81,00:1c:06:95:f7:e1,Up
rbxb0045xbvfd203fd81,10.168.24.136,SINAMICS G120 CU240E-2,00:1c:06:95:f7:e1,SIEMENS AG,Ok,port-001,"Siemens, SINAMICS, Ethernet Port, X150 P1R",port-002,rbxb0040xbvfd2026d7f,00:1c:06:97:33:0b,Up
rbxb0045xbvfd203fd81,10.168.24.136,SINAMICS G120 CU240E-2,00:1c:06:95:f7:e1,SIEMENS AG,Ok,port-002,"Siemens, SINAMICS, Ethernet Port, X150 P2R",,,,Down
rbxb0140xbvfd202917b,10.168.24.115,SINAMICS G120 CU240E-2,00:1c:06:96:6e:0e,SIEMENS AG,Ok,port-001,"Siemens, SINAMICS, Ethernet Port, X150 P1R",port-005,mcpxbsw01924b,94:ae:e3:49:da:06,Up
rbxb0140xbvfd202917b,10.168.24.115,SINAMICS G120 CU240E-2,00:1c:06:96:6e:0e,SIEMENS AG,Ok,port-002,"Siemens, SINAMICS, Ethernet Port, X150 P2R",port-001,rbxb0240xbvfd204d7f4,00:1c:06:97:0e:8a,Up
rbxb0145xbvfd2060245,10.168.24.137,SINAMICS G120 CU240E-2,00:1c:06:97:34:04,SIEMENS AG,Ok,port-001,"Siemens, SINAMICS, Ethernet Port, X150 P1R",port-007,rcp01xbsw012798,94:ae:e3:49:d8:86,Up
rbxb0145xbvfd2060245,10.168.24.137,SINAMICS G120 CU240E-2,00:1c:06:97:34:04,SIEMENS AG,Ok,port-002,"Siemens, SINAMICS, Ethernet Port, X150 P2R",port-001,rbxb0245xbvfd209420a,00:1c:06:97:1d:bd,Up
rbxb0240xbvfd204d7f4,10.168.24.116,SINAMICS G120 CU240E-2,00:1c:06:97:0e:8a,SIEMENS AG,Ok,port-001,"Siemens, SINAMICS, Ethernet Port, X150 P1R",port-002,rbxb0140xbvfd202917b,00:1c:06:96:6e:0e,Up
rbxb0240xbvfd204d7f4,10.168.24.116,SINAMICS G120 CU240E-2,00:1c:06:97:0e:8a,SIEMENS AG,Ok,port-002,"Siemens, SINAMICS, Ethernet Port, X150 P2R",port-001,rbxb0340xbvfd206ea71,00:1c:06:97:2b:82,Up
rbxb0245xbvfd209420a,10.168.24.138,SINAMICS G120 CU240E-2,00:1c:06:97:1d:bd,SIEMENS AG,Ok,port-001,"Siemens, SINAMICS, Ethernet Port, X150 P1R",port-002,rbxb0145xbvfd2060245,00:1c:06:97:34:04,Up
rbxb0245xbvfd209420a,10.168.24.138,SINAMICS G120 CU240E-2,00:1c:06:97:1d:bd,SIEMENS AG,Ok,port-002,"Siemens, SINAMICS, Ethernet Port, X150 P2R",port-001,rbxb0345xbvfd212e94e,00:1c:06:97:0e:4e,Up
rbxb0340xbvfd206ea71,10.168.24.117,SINAMICS G120 CU240E-2,00:1c:06:97:2b:82,SIEMENS AG,Ok,port-001,"Siemens, SINAMICS, Ethernet Port, X150 P1R",port-002,rbxb0240xbvfd204d7f4,00:1c:06:97:0e:8a,Up
rbxb0340xbvfd206ea71,10.168.24.117,SINAMICS G120 CU240E-2,00:1c:06:97:2b:82,SIEMENS AG,Ok,port-002,"Siemens, SINAMICS, Ethernet Port, X150 P2R",,,,Down
rbxb0345xbvfd212e94e,10.168.24.139,SINAMICS G120 CU240E-2,00:1c:06:97:0e:4e,SIEMENS AG,Ok,port-001,"Siemens, SINAMICS, Ethernet Port, X150 P1R",port-002,rbxb0245xbvfd209420a,00:1c:06:97:1d:bd,Up
rbxb0345xbvfd212e94e,10.168.24.139,SINAMICS G120 CU240E-2,00:1c:06:97:0e:4e,SIEMENS AG,Ok,port-002,"Siemens, SINAMICS, Ethernet Port, X150 P2R",,,,Down
rbxb0440xbvfd2085aea,10.168.24.118,SINAMICS G120 CU240E-2,00:1c:06:97:2b:88,SIEMENS AG,Ok,port-001,"Siemens, SINAMICS, Ethernet Port, X150 P1R",port-006,mcpxbsw01924b,94:ae:e3:49:da:06,Up
rbxb0440xbvfd2085aea,10.168.24.118,SINAMICS G120 CU240E-2,00:1c:06:97:2b:88,SIEMENS AG,Ok,port-002,"Siemens, SINAMICS, Ethernet Port, X150 P2R",port-001,rbxb0445xbvfd209ca14,00:1c:06:97:20:a8,Up
rbxb0445xbvfd209ca14,10.168.24.119,SINAMICS G120 CU240E-2,00:1c:06:97:20:a8,SIEMENS AG,Ok,port-001,"Siemens, SINAMICS, Ethernet Port, X150 P1R",port-002,rbxb0440xbvfd2085aea,00:1c:06:97:2b:88,Up
rbxb0445xbvfd209ca14,10.168.24.119,SINAMICS G120 CU240E-2,00:1c:06:97:20:a8,SIEMENS AG,Ok,port-002,"Siemens, SINAMICS, Ethernet Port, X150 P2R",port-002,tcxb0010xbvfd2108ead,00:1c:06:97:4a:32,Up
rbxb0450xbvfd211097a,10.168.24.121,SINAMICS G120 CU240E-2,00:1c:06:97:1f:e8,SIEMENS AG,Ok,port-001,"Siemens, SINAMICS, Ethernet Port, X150 P1R",port-007,mcpxbsw01924b,94:ae:e3:49:da:06,Up
rbxb0450xbvfd211097a,10.168.24.121,SINAMICS G120 CU240E-2,00:1c:06:97:1f:e8,SIEMENS AG,Ok,port-002,"Siemens, SINAMICS, Ethernet Port, X150 P2R",port-001,rbxb0470xbvfd21500da,00:1c:06:97:1f:16,Up
rbxb0470xbvfd21500da,10.168.24.122,SINAMICS G120 CU240E-2,00:1c:06:97:1f:16,SIEMENS AG,Ok,port-001,"Siemens, SINAMICS, Ethernet Port, X150 P1R",port-002,rbxb0450xbvfd211097a,00:1c:06:97:1f:e8,Up
rbxb0470xbvfd21500da,10.168.24.122,SINAMICS G120 CU240E-2,00:1c:06:97:1f:16,SIEMENS AG,Ok,port-002,"Siemens, SINAMICS, Ethernet Port, X150 P2R",port-001,ptxb0010xbvfd301d369,00:1c:06:97:2b:be,Up
rbxb0475xbvfd302c2f4,10.168.24.124,SINAMICS G120 CU240E-2,00:1c:06:95:f7:cf,SIEMENS AG,Ok,port-001,"Siemens, SINAMICS, Ethernet Port, X150 P1R",port-008,mcpxbsw01924b,94:ae:e3:49:da:06,Up
rbxb0475xbvfd302c2f4,10.168.24.124,SINAMICS G120 CU240E-2,00:1c:06:95:f7:cf,SIEMENS AG,Ok,port-002,"Siemens, SINAMICS, Ethernet Port, X150 P2R",port-001,rbxb0480xbvfd303623a,00:1c:06:97:20:18,Up
rbxb0480xbvfd303623a,10.168.24.125,SINAMICS G120 CU240E-2,00:1c:06:97:20:18,SIEMENS AG,Ok,port-001,"Siemens, SINAMICS, Ethernet Port, X150 P1R",port-002,rbxb0475xbvfd302c2f4,00:1c:06:95:f7:cf,Up
rbxb0480xbvfd303623a,10.168.24.125,SINAMICS G120 CU240E-2,00:1c:06:97:20:18,SIEMENS AG,Ok,port-002,"Siemens, SINAMICS, Ethernet Port, X150 P2R",port-001,rbxb0485xbvfd304f044,00:1c:06:95:b3:7b,Up
rbxb0485xbvfd304f044,10.168.24.126,SINAMICS G120 CU240E-2,00:1c:06:95:b3:7b,SIEMENS AG,Ok,port-001,"Siemens, SINAMICS, Ethernet Port, X150 P1R",port-002,rbxb0480xbvfd303623a,00:1c:06:97:20:18,Up
rbxb0485xbvfd304f044,10.168.24.126,SINAMICS G120 CU240E-2,00:1c:06:95:b3:7b,SIEMENS AG,Ok,port-002,"Siemens, SINAMICS, Ethernet Port, X150 P2R",,,,Down
rbxb0490xbvfd305a5eb,10.168.24.127,SINAMICS G120 CU240E-2,00:1c:06:97:2b:c1,SIEMENS AG,Ok,port-001,"Siemens, SINAMICS, Ethernet Port, X150 P1R",port-009,mcpxbsw01924b,94:ae:e3:49:da:06,Up
rbxb0490xbvfd305a5eb,10.168.24.127,SINAMICS G120 CU240E-2,00:1c:06:97:2b:c1,SIEMENS AG,Ok,port-002,"Siemens, SINAMICS, Ethernet Port, X150 P2R",,,,Down
rbxb0495xbvfd102f734,10.168.24.162,SINAMICS G120 CU240E-2,00:1c:06:95:f7:60,SIEMENS AG,Ok,port-001,"Siemens, SINAMICS, Ethernet Port, X150 P1R",port-002,ptxb0015xbvfd10143f7,00:1c:06:97:34:73,Up
rbxb0495xbvfd102f734,10.168.24.162,SINAMICS G120 CU240E-2,00:1c:06:95:f7:60,SIEMENS AG,Ok,port-002,"Siemens, SINAMICS, Ethernet Port, X150 P2R",port-001,rbxb0500xbvfd103b41e,00:1c:06:97:1e:35,Up
rbxb0500xbvfd103b41e,10.168.24.163,SINAMICS G120 CU240E-2,00:1c:06:97:1e:35,SIEMENS AG,Ok,port-001,"Siemens, SINAMICS, Ethernet Port, X150 P1R",port-002,rbxb0495xbvfd102f734,00:1c:06:95:f7:60,Up
rbxb0500xbvfd103b41e,10.168.24.163,SINAMICS G120 CU240E-2,00:1c:06:97:1e:35,SIEMENS AG,Ok,port-002,"Siemens, SINAMICS, Ethernet Port, X150 P2R",,,,Down
rbxb0510xbvfd10573cf,10.168.24.164,SINAMICS G120 CU240E-2,00:1c:06:95:f7:5d,SIEMENS AG,Ok,port-001,"Siemens, SINAMICS, Ethernet Port, X150 P1R",port-005,rcp04xbsw0127cd,94:ae:e3:49:db:06,Up
rbxb0510xbvfd10573cf,10.168.24.164,SINAMICS G120 CU240E-2,00:1c:06:95:f7:5d,SIEMENS AG,Ok,port-002,"Siemens, SINAMICS, Ethernet Port, X150 P2R",port-001,rbxb0515xbvfd10622b0,00:1c:06:96:a2:7e,Up
rbxb0515xbvfd10622b0,10.168.24.165,SINAMICS G120 CU240E-2,00:1c:06:96:a2:7e,SIEMENS AG,Ok,port-001,"Siemens, SINAMICS, Ethernet Port, X150 P1R",port-002,rbxb0510xbvfd10573cf,00:1c:06:95:f7:5d,Up
rbxb0515xbvfd10622b0,10.168.24.165,SINAMICS G120 CU240E-2,00:1c:06:96:a2:7e,SIEMENS AG,Ok,port-002,"Siemens, SINAMICS, Ethernet Port, X150 P2R",port-001,rbxb0520xbvfd107bdbe,00:1c:06:96:a5:96,Up
rbxb0520xbvfd107bdbe,10.168.24.166,SINAMICS G120 CU240E-2,00:1c:06:96:a5:96,SIEMENS AG,Ok,port-001,"Siemens, SINAMICS, Ethernet Port, X150 P1R",port-002,rbxb0515xbvfd10622b0,00:1c:06:96:a2:7e,Up
rbxb0520xbvfd107bdbe,10.168.24.166,SINAMICS G120 CU240E-2,00:1c:06:96:a5:96,SIEMENS AG,Ok,port-002,"Siemens, SINAMICS, Ethernet Port, X150 P2R",,,,Down
rbxb0525xbvfd108e9c1,10.168.24.167,SINAMICS G120 CU240E-2,00:1c:06:96:a2:78,SIEMENS AG,Ok,port-001,"Siemens, SINAMICS, Ethernet Port, X150 P1R",port-006,rcp04xbsw0127cd,94:ae:e3:49:db:06,Up
rbxb0525xbvfd108e9c1,10.168.24.167,SINAMICS G120 CU240E-2,00:1c:06:96:a2:78,SIEMENS AG,Ok,port-002,"Siemens, SINAMICS, Ethernet Port, X150 P2R",port-001,rbxb0745xbvfd40149fa,00:1c:06:97:1f:52,Up
rbxb0530xbvfd2027bdf,10.168.24.169,SINAMICS G120 CU240E-2,00:1c:06:97:33:e6,SIEMENS AG,Ok,port-001,"Siemens, SINAMICS, Ethernet Port, X150 P1R",port-002,tcxb0015xbvfd2018e52,00:1c:06:97:1d:b1,Up
rbxb0530xbvfd2027bdf,10.168.24.169,SINAMICS G120 CU240E-2,00:1c:06:97:33:e6,SIEMENS AG,Ok,port-002,"Siemens, SINAMICS, Ethernet Port, X150 P2R",port-001,rbxb0535xbvfd203eb21,00:1c:06:97:33:7a,Up
rbxb0535xbvfd203eb21,10.168.24.170,SINAMICS G120 CU240E-2,00:1c:06:97:33:7a,SIEMENS AG,Ok,port-001,"Siemens, SINAMICS, Ethernet Port, X150 P1R",port-002,rbxb0530xbvfd2027bdf,00:1c:06:97:33:e6,Up
rbxb0535xbvfd203eb21,10.168.24.170,SINAMICS G120 CU240E-2,00:1c:06:97:33:7a,SIEMENS AG,Ok,port-002,"Siemens, SINAMICS, Ethernet Port, X150 P2R",,,,Down
rbxb0540xbvfd204a3ee,10.168.24.171,SINAMICS G120 CU240E-2,00:1c:06:97:34:76,SIEMENS AG,Ok,port-001,"Siemens, SINAMICS, Ethernet Port, X150 P1R",port-001,rcp04xbsw0127cd,94:ae:e3:49:db:06,Up
rbxb0540xbvfd204a3ee,10.168.24.171,SINAMICS G120 CU240E-2,00:1c:06:97:34:76,SIEMENS AG,Ok,port-002,"Siemens, SINAMICS, Ethernet Port, X150 P2R",port-001,rbxb0545xbvfd2053310,00:1c:06:95:b4:1d,Up
rbxb0545xbvfd2053310,10.168.24.172,SINAMICS G120 CU240E-2,00:1c:06:95:b4:1d,SIEMENS AG,Ok,port-001,"Siemens, SINAMICS, Ethernet Port, X150 P1R",port-002,rbxb0540xbvfd204a3ee,00:1c:06:97:34:76,Up
rbxb0545xbvfd2053310,10.168.24.172,SINAMICS G120 CU240E-2,00:1c:06:95:b4:1d,SIEMENS AG,Ok,port-002,"Siemens, SINAMICS, Ethernet Port, X150 P2R",port-001,psxb0005xbvfd2064650,00:1c:06:97:1f:97,Up
rbxb0550xbvfd20863bf,10.168.24.175,SINAMICS G120 CU240E-2,00:1c:06:97:0e:6f,SIEMENS AG,Ok,port-001,"Siemens, SINAMICS, Ethernet Port, X150 P1R",port-002,psxb0010xbvfd20713ff,00:1c:06:96:a1:94,Up
rbxb0550xbvfd20863bf,10.168.24.175,SINAMICS G120 CU240E-2,00:1c:06:97:0e:6f,SIEMENS AG,Ok,port-002,"Siemens, SINAMICS, Ethernet Port, X150 P2R",,,,Down
rbxb0555xbvfd10135b0,10.168.24.148,SINAMICS G120 CU240E-2,00:1c:06:97:1f:df,SIEMENS AG,Ok,port-001,"Siemens, SINAMICS, Ethernet Port, X150 P1R",port-008,rcp03xbsw01e7bb,94:ae:e3:49:da:86,Up
rbxb0555xbvfd10135b0,10.168.24.148,SINAMICS G120 CU240E-2,00:1c:06:97:1f:df,SIEMENS AG,Ok,port-002,"Siemens, SINAMICS, Ethernet Port, X150 P2R",,,,Down
rbxb0565xbinv2000ba6d,10.168.24.197,SINAMICS G120 CU240E-2,e8:ef:22:27:f2:32,SIEMENS AG,Ok,port-001,"Siemens, SINAMICS, Ethernet Port, X150 P1R",port-008,,38:4b:24:21:1c:30,Up
rbxb0565xbinv2000ba6d,10.168.24.197,SINAMICS G120 CU240E-2,e8:ef:22:27:f2:32,SIEMENS AG,Ok,port-002,"Siemens, SINAMICS, Ethernet Port, X150 P2R",port-001,rbxb0570xbinv2050067a,e8:ef:22:28:3c:50,Up
rbxb0570xbinv2050067a,10.168.24.198,SINAMICS G120 CU240E-2,e8:ef:22:28:3c:50,SIEMENS AG,Ok,port-001,"Siemens, SINAMICS, Ethernet Port, X150 P1R",port-002,rbxb0565xbinv2000ba6d,e8:ef:22:27:f2:32,Up
rbxb0570xbinv2050067a,10.168.24.198,SINAMICS G120 CU240E-2,e8:ef:22:28:3c:50,SIEMENS AG,Ok,port-002,"Siemens, SINAMICS, Ethernet Port, X150 P2R",port-001,rbxb0575xbinv21008638,e8:ef:22:25:f0:18,Up
rbxb0575xbinv21008638,10.168.24.199,SINAMICS G120 CU240E-2,e8:ef:22:25:f0:18,SIEMENS AG,Ok,port-001,"Siemens, SINAMICS, Ethernet Port, X150 P1R",port-002,rbxb0570xbinv2050067a,e8:ef:22:28:3c:50,Up
rbxb0575xbinv21008638,10.168.24.199,SINAMICS G120 CU240E-2,e8:ef:22:25:f0:18,SIEMENS AG,Ok,port-002,"Siemens, SINAMICS, Ethernet Port, X150 P2R",,,,Down
rbxb0580xbinv2150d21b,10.168.24.200,SINAMICS G120 CU240E-2,e8:ef:22:28:23:60,SIEMENS AG,Ok,port-001,"Siemens, SINAMICS, Ethernet Port, X150 P1R",port-007,,38:4b:24:21:1c:30,Up
rbxb0580xbinv2150d21b,10.168.24.200,SINAMICS G120 CU240E-2,e8:ef:22:28:23:60,SIEMENS AG,Ok,port-002,"Siemens, SINAMICS, Ethernet Port, X150 P2R",port-001,rbxb0585xbinv220092f8,e8:ef:22:28:23:7e,Up
rbxb0585xbinv220092f8,10.168.24.201,SINAMICS G120 CU240E-2,e8:ef:22:28:23:7e,SIEMENS AG,Ok,port-001,"Siemens, SINAMICS, Ethernet Port, X150 P1R",port-002,rbxb0580xbinv2150d21b,e8:ef:22:28:23:60,Up
rbxb0585xbinv220092f8,10.168.24.201,SINAMICS G120 CU240E-2,e8:ef:22:28:23:7e,SIEMENS AG,Ok,port-002,"Siemens, SINAMICS, Ethernet Port, X150 P2R",port-001,rbxb0590xbinv22502eef,e8:ef:22:28:3b:06,Up
rbxb0590xbinv22502eef,10.168.24.202,SINAMICS G120 CU240E-2,e8:ef:22:28:3b:06,SIEMENS AG,Ok,port-001,"Siemens, SINAMICS, Ethernet Port, X150 P1R",port-002,rbxb0585xbinv220092f8,e8:ef:22:28:23:7e,Up
rbxb0590xbinv22502eef,10.168.24.202,SINAMICS G120 CU240E-2,e8:ef:22:28:3b:06,SIEMENS AG,Ok,port-002,"Siemens, SINAMICS, Ethernet Port, X150 P2R",,,,Down
rbxb0605xbvfd204629f,10.168.24.149,SINAMICS G120 CU240E-2,00:1c:06:97:33:11,SIEMENS AG,Ok,port-001,"Siemens, SINAMICS, Ethernet Port, X150 P1R",port-004,rcp03xbsw01e7bb,94:ae:e3:49:da:86,Up
rbxb0605xbvfd204629f,10.168.24.149,SINAMICS G120 CU240E-2,00:1c:06:97:33:11,SIEMENS AG,Ok,port-002,"Siemens, SINAMICS, Ethernet Port, X150 P2R",port-001,rbxb0615xbvfd205670f,00:1c:06:97:1f:d0,Up
rbxb0615xbvfd205670f,10.168.24.150,SINAMICS G120 CU240E-2,00:1c:06:97:1f:d0,SIEMENS AG,Ok,port-001,"Siemens, SINAMICS, Ethernet Port, X150 P1R",port-002,rbxb0605xbvfd204629f,00:1c:06:97:33:11,Up
rbxb0615xbvfd205670f,10.168.24.150,SINAMICS G120 CU240E-2,00:1c:06:97:1f:d0,SIEMENS AG,Ok,port-002,"Siemens, SINAMICS, Ethernet Port, X150 P2R",port-001,rbxb0620xbvfd2063980,00:1c:06:96:a1:64,Up
rbxb0620xbvfd2063980,10.168.24.151,SINAMICS G120 CU240E-2,00:1c:06:96:a1:64,SIEMENS AG,Ok,port-001,"Siemens, SINAMICS, Ethernet Port, X150 P1R",port-002,rbxb0615xbvfd205670f,00:1c:06:97:1f:d0,Up
rbxb0620xbvfd2063980,10.168.24.151,SINAMICS G120 CU240E-2,00:1c:06:96:a1:64,SIEMENS AG,Ok,port-002,"Siemens, SINAMICS, Ethernet Port, X150 P2R",,,,Down
rbxb0625xbvfd208ad3e,10.168.24.153,SINAMICS G120 CU240E-2,00:1c:06:97:1d:ea,SIEMENS AG,Ok,port-001,"Siemens, SINAMICS, Ethernet Port, X150 P1R",port-002,tcxb0020xbvfd207d31d,00:1c:06:97:20:84,Up
rbxb0625xbvfd208ad3e,10.168.24.153,SINAMICS G120 CU240E-2,00:1c:06:97:1d:ea,SIEMENS AG,Ok,port-002,"Siemens, SINAMICS, Ethernet Port, X150 P2R",port-002,rbxb0635xbvfd301aefe,00:1c:06:97:b2:02,Up
rbxb0635xbvfd301aefe,10.168.24.154,SINAMICS G120 CU240E-2,00:1c:06:97:b2:02,SIEMENS AG,Ok,port-001,"Siemens, SINAMICS, Ethernet Port, X150 P1R",,,,Down
rbxb0635xbvfd301aefe,10.168.24.154,SINAMICS G120 CU240E-2,00:1c:06:97:b2:02,SIEMENS AG,Ok,port-002,"Siemens, SINAMICS, Ethernet Port, X150 P2R",port-002,rbxb0625xbvfd208ad3e,00:1c:06:97:1d:ea,Up
rbxb0640xbvfd30427b0,10.168.24.157,SINAMICS G120 CU240E-2,00:1c:06:97:2d:bf,SIEMENS AG,Ok,port-001,"Siemens, SINAMICS, Ethernet Port, X150 P1R",port-002,psxb0020xbvfd3031f5f,00:1c:06:97:1d:cc,Up
rbxb0640xbvfd30427b0,10.168.24.157,SINAMICS G120 CU240E-2,00:1c:06:97:2d:bf,SIEMENS AG,Ok,port-002,"Siemens, SINAMICS, Ethernet Port, X150 P2R",,,,Down
rbxb0645xbvfd30776cf,10.168.24.160,SINAMICS G120 CU240E-2,00:1c:06:97:b3:34,SIEMENS AG,Ok,port-001,"Siemens, SINAMICS, Ethernet Port, X150 P1R",port-002,rarmxb0005xbvfd30602dc,00:1c:06:97:b3:64,Up
rbxb0645xbvfd30776cf,10.168.24.160,SINAMICS G120 CU240E-2,00:1c:06:97:b3:34,SIEMENS AG,Ok,port-002,"Siemens, SINAMICS, Ethernet Port, X150 P2R",port-001,rarmxb0010xbvfd3130473,00:1c:06:96:ca:18,Up
rbxb0650xbvfd308e7e1,10.168.24.192,SINAMICS G120 CU240E-2,00:1c:06:97:1e:aa,SIEMENS AG,Ok,port-001,"Siemens, SINAMICS, Ethernet Port, X150 P1R",port-012,rcp03xbsw01e7bb,94:ae:e3:49:da:86,Up
rbxb0650xbvfd308e7e1,10.168.24.192,SINAMICS G120 CU240E-2,00:1c:06:97:1e:aa,SIEMENS AG,Ok,port-002,"Siemens, SINAMICS, Ethernet Port, X150 P2R",port-001,rbxb0655xbvfd309771f,00:1c:06:97:1f:43,Up
rbxb0655xbvfd309771f,10.168.24.193,SINAMICS G120 CU240E-2,00:1c:06:97:1f:43,SIEMENS AG,Ok,port-001,"Siemens, SINAMICS, Ethernet Port, X150 P1R",port-002,rbxb0650xbvfd308e7e1,00:1c:06:97:1e:aa,Up
rbxb0655xbvfd309771f,10.168.24.193,SINAMICS G120 CU240E-2,00:1c:06:97:1f:43,SIEMENS AG,Ok,port-002,"Siemens, SINAMICS, Ethernet Port, X150 P2R",port-001,ptxb0035xbvfd3101937,00:1c:06:97:1f:9d,Up
rbxb0660xbvfd3117ed0,10.168.24.195,SINAMICS G120 CU240E-2,00:1c:06:97:b3:6d,SIEMENS AG,Ok,port-001,"Siemens, SINAMICS, Ethernet Port, X150 P1R",port-013,rcp03xbsw01e7bb,94:ae:e3:49:da:86,Up
rbxb0660xbvfd3117ed0,10.168.24.195,SINAMICS G120 CU240E-2,00:1c:06:97:b3:6d,SIEMENS AG,Ok,port-002,"Siemens, SINAMICS, Ethernet Port, X150 P2R",,,,Down
rbxb0745xbvfd40149fa,10.168.24.176,SINAMICS G120 CU240E-2,00:1c:06:97:1f:52,SIEMENS AG,Ok,port-001,"Siemens, SINAMICS, Ethernet Port, X150 P1R",port-002,rbxb0525xbvfd108e9c1,00:1c:06:96:a2:78,Up
rbxb0745xbvfd40149fa,10.168.24.176,SINAMICS G120 CU240E-2,00:1c:06:97:1f:52,SIEMENS AG,Ok,port-002,"Siemens, SINAMICS, Ethernet Port, X150 P2R",port-001,rbxb0750xbvfd402ddd4,00:1c:06:97:1f:d9,Up
rbxb0750xbvfd402ddd4,10.168.24.177,SINAMICS G120 CU240E-2,00:1c:06:97:1f:d9,SIEMENS AG,Ok,port-001,"Siemens, SINAMICS, Ethernet Port, X150 P1R",port-002,rbxb0745xbvfd40149fa,00:1c:06:97:1f:52,Up
rbxb0750xbvfd402ddd4,10.168.24.177,SINAMICS G120 CU240E-2,00:1c:06:97:1f:d9,SIEMENS AG,Ok,port-002,"Siemens, SINAMICS, Ethernet Port, X150 P2R",,,,Down
rbxb0755xbvfd4048f6b,10.168.24.179,SINAMICS G120 CU240E-2,00:1c:06:96:a2:7b,SIEMENS AG,Ok,port-001,"Siemens, SINAMICS, Ethernet Port, X150 P1R",port-002,ptxb0020xbvfd403dca9,00:1c:06:96:6d:e7,Up
rbxb0755xbvfd4048f6b,10.168.24.179,SINAMICS G120 CU240E-2,00:1c:06:96:a2:7b,SIEMENS AG,Ok,port-002,"Siemens, SINAMICS, Ethernet Port, X150 P2R",port-001,rbxb0770xbvfd40714b5,00:1c:06:97:2c:8a,Up
rbxb0770xbvfd40714b5,10.168.24.180,SINAMICS G120 CU240E-2,00:1c:06:97:2c:8a,SIEMENS AG,Ok,port-001,"Siemens, SINAMICS, Ethernet Port, X150 P1R",port-002,rbxb0755xbvfd4048f6b,00:1c:06:96:a2:7b,Up
rbxb0770xbvfd40714b5,10.168.24.180,SINAMICS G120 CU240E-2,00:1c:06:97:2c:8a,SIEMENS AG,Ok,port-002,"Siemens, SINAMICS, Ethernet Port, X150 P2R",,,,Down
rbxb0775xbvfd40840ca,10.168.24.181,SINAMICS G120 CU240E-2,00:1c:06:96:a1:52,SIEMENS AG,Ok,port-001,"Siemens, SINAMICS, Ethernet Port, X150 P1R",port-008,rcp04xbsw0127cd,94:ae:e3:49:db:06,Up
rbxb0775xbvfd40840ca,10.168.24.181,SINAMICS G120 CU240E-2,00:1c:06:96:a1:52,SIEMENS AG,Ok,port-002,"Siemens, SINAMICS, Ethernet Port, X150 P2R",port-001,ptxb0025xbvfd4098b16,00:1c:06:97:2b:8b,Up
rbxb0780xbvfd41076c5,10.168.24.183,SINAMICS G120 CU240E-2,00:1c:06:97:2b:ca,SIEMENS AG,Ok,port-001,"Siemens, SINAMICS, Ethernet Port, X150 P1R",port-002,ptxb0025xbvfd4098b16,00:1c:06:97:2b:8b,Up
rbxb0780xbvfd41076c5,10.168.24.183,SINAMICS G120 CU240E-2,00:1c:06:97:2b:ca,SIEMENS AG,Ok,port-002,"Siemens, SINAMICS, Ethernet Port, X150 P2R",,,,Down
rbxb0845xbvfd3019c7b,10.168.24.140,SINAMICS G120 CU240E-2,00:1c:06:97:20:51,SIEMENS AG,Ok,port-001,"Siemens, SINAMICS, Ethernet Port, X150 P1R",port-009,rcp01xbsw012798,94:ae:e3:49:d8:86,Up
rbxb0845xbvfd3019c7b,10.168.24.140,SINAMICS G120 CU240E-2,00:1c:06:97:20:51,SIEMENS AG,Ok,port-002,"Siemens, SINAMICS, Ethernet Port, X150 P2R",port-001,rbxb0850xbvfd3020855,00:1c:06:97:0e:72,Up
rbxb0850xbvfd3020855,10.168.24.141,SINAMICS G120 CU240E-2,00:1c:06:97:0e:72,SIEMENS AG,Ok,port-001,"Siemens, SINAMICS, Ethernet Port, X150 P1R",port-002,rbxb0845xbvfd3019c7b,00:1c:06:97:20:51,Up
rbxb0850xbvfd3020855,10.168.24.141,SINAMICS G120 CU240E-2,00:1c:06:97:0e:72,SIEMENS AG,Ok,port-002,"Siemens, SINAMICS, Ethernet Port, X150 P2R",port-001,ptxb0030xbvfd303d849,00:1c:06:96:6d:d8,Up
rbxb0855xbvfd3045aea,10.168.24.143,SINAMICS G120 CU240E-2,00:1c:06:97:1e:e0,SIEMENS AG,Ok,port-001,"Siemens, SINAMICS, Ethernet Port, X150 P1R",port-010,rcp01xbsw012798,94:ae:e3:49:d8:86,Up
rbxb0855xbvfd3045aea,10.168.24.143,SINAMICS G120 CU240E-2,00:1c:06:97:1e:e0,SIEMENS AG,Ok,port-002,"Siemens, SINAMICS, Ethernet Port, X150 P2R",port-001,fkxb0015xbvfd3052686,00:1c:06:97:2b:ac,Up
rbxb0860xbvfd3070465,10.168.24.146,SINAMICS G120 CU240E-2,00:1c:06:96:1a:d7,SIEMENS AG,Ok,port-001,"Siemens, SINAMICS, Ethernet Port, X150 P1R",port-011,rcp01xbsw012798,94:ae:e3:49:d8:86,Up
rbxb0860xbvfd3070465,10.168.24.146,SINAMICS G120 CU240E-2,00:1c:06:96:1a:d7,SIEMENS AG,Ok,port-002,"Siemens, SINAMICS, Ethernet Port, X150 P2R",port-001,rbxb0865xbvfd308501a,00:1c:06:95:f7:db,Up
rbxb0865xbvfd308501a,10.168.24.147,SINAMICS G120 CU240E-2,00:1c:06:95:f7:db,SIEMENS AG,Ok,port-001,"Siemens, SINAMICS, Ethernet Port, X150 P1R",port-002,rbxb0860xbvfd3070465,00:1c:06:96:1a:d7,Up
rbxb0865xbvfd308501a,10.168.24.147,SINAMICS G120 CU240E-2,00:1c:06:95:f7:db,SIEMENS AG,Ok,port-002,"Siemens, SINAMICS, Ethernet Port, X150 P2R",,,,Down
rbxb0880xbvfd203f254,10.168.24.188,SINAMICS G120 CU240E-2,00:1c:06:97:2b:d0,SIEMENS AG,Ok,port-001,"Siemens, SINAMICS, Ethernet Port, X150 P1R",port-002,rbxb0010xbvfd1047f1f,00:1c:06:97:2b:94,Up
rbxb0880xbvfd203f254,10.168.24.188,SINAMICS G120 CU240E-2,00:1c:06:97:2b:d0,SIEMENS AG,Ok,port-002,"Siemens, SINAMICS, Ethernet Port, X150 P2R",port-001,rbxb0885xbvfd204602a,00:1c:06:97:33:59,Up
rbxb0885xbvfd204602a,10.168.24.189,SINAMICS G120 CU240E-2,00:1c:06:97:33:59,SIEMENS AG,Ok,port-001,"Siemens, SINAMICS, Ethernet Port, X150 P1R",port-002,rbxb0880xbvfd203f254,00:1c:06:97:2b:d0,Up
rbxb0885xbvfd204602a,10.168.24.189,SINAMICS G120 CU240E-2,00:1c:06:97:33:59,SIEMENS AG,Ok,port-002,"Siemens, SINAMICS, Ethernet Port, X150 P2R",,,,Down
rcp01xbim01f8be,10.168.24.43,ET200SP,ec:1c:5d:13:0b:b9,SIEMENS AG,Ok,port-001,"Siemens, SIMATIC S7, Ethernet Port, X1 P1 R",port-003,rcp01xbsw012798,94:ae:e3:49:d8:86,Up
rcp01xbim01f8be,10.168.24.43,ET200SP,ec:1c:5d:13:0b:b9,SIEMENS AG,Ok,port-002,"Siemens, SIMATIC S7, Ethernet Port, X1 P2 R",,,,Down
rcp01xbsw012798,10.168.24.7,Hirschmann Railswitch,94:ae:e3:49:d8:86,Hirschmann Automation and Control GmbH,Ok,port-001,,port-001,csb01xbsw012e1d,94:ae:e3:4b:4c:78,Up
rcp01xbsw012798,10.168.24.7,Hirschmann Railswitch,94:ae:e3:49:d8:86,Hirschmann Automation and Control GmbH,Ok,port-002,,port-001,rcp05xbsw01e7dd,94:ae:e3:49:d8:66,Up
rcp01xbsw012798,10.168.24.7,Hirschmann Railswitch,94:ae:e3:49:d8:86,Hirschmann Automation and Control GmbH,Ok,port-003,,port-001,rcp01xbim01f8be,ec:1c:5d:13:0b:b9,Up
rcp01xbsw012798,10.168.24.7,Hirschmann Railswitch,94:ae:e3:49:d8:86,Hirschmann Automation and Control GmbH,Ok,port-004,,port-001,rbxb0025xbvfd1012310,00:1c:06:96:19:96,Up
rcp01xbsw012798,10.168.24.7,Hirschmann Railswitch,94:ae:e3:49:d8:86,Hirschmann Automation and Control GmbH,Ok,port-005,,port-001,fkxb0010xbvfd10476d9,00:1c:06:97:32:f6,Up
rcp01xbsw012798,10.168.24.7,Hirschmann Railswitch,94:ae:e3:49:d8:86,Hirschmann Automation and Control GmbH,Ok,port-006,,port-001,tcxb0005xbvfd2014b03,00:1c:06:97:4b:22,Up
rcp01xbsw012798,10.168.24.7,Hirschmann Railswitch,94:ae:e3:49:d8:86,Hirschmann Automation and Control GmbH,Ok,port-007,,port-001,rbxb0145xbvfd2060245,00:1c:06:97:34:04,Up
rcp01xbsw012798,10.168.24.7,Hirschmann Railswitch,94:ae:e3:49:d8:86,Hirschmann Automation and Control GmbH,Ok,port-008,,,,,Down
rcp01xbsw012798,10.168.24.7,Hirschmann Railswitch,94:ae:e3:49:d8:86,Hirschmann Automation and Control GmbH,Ok,port-009,,port-001,rbxb0845xbvfd3019c7b,00:1c:06:97:20:51,Up
rcp01xbsw012798,10.168.24.7,Hirschmann Railswitch,94:ae:e3:49:d8:86,Hirschmann Automation and Control GmbH,Ok,port-010,,port-001,rbxb0855xbvfd3045aea,00:1c:06:97:1e:e0,Up
rcp01xbsw012798,10.168.24.7,Hirschmann Railswitch,94:ae:e3:49:d8:86,Hirschmann Automation and Control GmbH,Ok,port-011,,port-001,rbxb0860xbvfd3070465,00:1c:06:96:1a:d7,Up
rcp01xbsw012798,10.168.24.7,Hirschmann Railswitch,94:ae:e3:49:d8:86,Hirschmann Automation and Control GmbH,Ok,port-012,,port-001,hmi02xbim01853e,ec:1c:5d:13:26:7d,Up
rcp01xbsw012798,10.168.24.7,Hirschmann Railswitch,94:ae:e3:49:d8:86,Hirschmann Automation and Control GmbH,Ok,port-013,,port-001,hmi03xbim01452e,ec:1c:5d:13:25:90,Up
rcp01xbsw012798,10.168.24.7,Hirschmann Railswitch,94:ae:e3:49:d8:86,Hirschmann Automation and Control GmbH,Ok,port-014,,port-001,hmi09xbim014584,ec:1c:5d:13:18:6b,Up
rcp01xbsw012798,10.168.24.7,Hirschmann Railswitch,94:ae:e3:49:d8:86,Hirschmann Automation and Control GmbH,Ok,port-015,,,,,Down
rcp01xbsw012798,10.168.24.7,Hirschmann Railswitch,94:ae:e3:49:d8:86,Hirschmann Automation and Control GmbH,Ok,port-016,,,,,Down
rcp02xbim01f88d,10.168.24.44,ET200SP,ec:1c:5d:13:0d:1d,SIEMENS AG,Ok,port-001,"Siemens, SIMATIC S7, Ethernet Port, X1 P1 R",port-003,rcp02xbsw0127ab,94:ae:e3:4b:3c:3c,Up
rcp02xbim01f88d,10.168.24.44,ET200SP,ec:1c:5d:13:0d:1d,SIEMENS AG,Ok,port-002,"Siemens, SIMATIC S7, Ethernet Port, X1 P2 R",,,,Down
rcp02xbsw0127ab,10.168.24.8,Hirschmann Railswitch,94:ae:e3:4b:3c:3c,Hirschmann Automation and Control GmbH,Ok,port-001,,port-002,csb04xbsw012e48,94:ae:e3:4b:4b:74,Up
rcp02xbsw0127ab,10.168.24.8,Hirschmann Railswitch,94:ae:e3:4b:3c:3c,Hirschmann Automation and Control GmbH,Ok,port-002,,port-003,csb03xbsw01ee3e,94:ae:e3:4b:3c:a0,Up
rcp02xbsw0127ab,10.168.24.8,Hirschmann Railswitch,94:ae:e3:4b:3c:3c,Hirschmann Automation and Control GmbH,Ok,port-003,,port-001,rcp02xbim01f88d,ec:1c:5d:13:0d:1d,Up
rcp02xbsw0127ab,10.168.24.8,Hirschmann Railswitch,94:ae:e3:4b:3c:3c,Hirschmann Automation and Control GmbH,Ok,port-004,,port-002,op09xbim017e56,ec:1c:5d:14:8e:60,Up
rcp02xbsw0127ab,10.168.24.8,Hirschmann Railswitch,94:ae:e3:4b:3c:3c,Hirschmann Automation and Control GmbH,Ok,port-005,,,,,Down
rcp02xbsw0127ab,10.168.24.8,Hirschmann Railswitch,94:ae:e3:4b:3c:3c,Hirschmann Automation and Control GmbH,Ok,port-006,,,,,Down
rcp02xbsw0127ab,10.168.24.8,Hirschmann Railswitch,94:ae:e3:4b:3c:3c,Hirschmann Automation and Control GmbH,Ok,port-007,,,,,Down
rcp02xbsw0127ab,10.168.24.8,Hirschmann Railswitch,94:ae:e3:4b:3c:3c,Hirschmann Automation and Control GmbH,Ok,port-008,,,,,Down
rcp03xbim01389d,10.168.24.45,ET200SP,ec:1c:5d:13:0d:92,SIEMENS AG,Ok,port-001,"Siemens, SIMATIC S7, Ethernet Port, X1 P1 R",port-003,rcp03xbsw01e7bb,94:ae:e3:49:da:86,Up
rcp03xbim01389d,10.168.24.45,ET200SP,ec:1c:5d:13:0d:92,SIEMENS AG,Ok,port-002,"Siemens, SIMATIC S7, Ethernet Port, X1 P2 R",,,,Down
rcp03xbsw01e7bb,10.168.24.9,Hirschmann Railswitch,94:ae:e3:49:da:86,Hirschmann Automation and Control GmbH,Ok,port-001,,port-010,rcp04xbsw0127cd,94:ae:e3:49:db:06,Up
rcp03xbsw01e7bb,10.168.24.9,Hirschmann Railswitch,94:ae:e3:49:da:86,Hirschmann Automation and Control GmbH,Ok,port-002,,port-003,csb02xbsw012e2e,94:ae:e3:4b:3b:d8,Up
rcp03xbsw01e7bb,10.168.24.9,Hirschmann Railswitch,94:ae:e3:49:da:86,Hirschmann Automation and Control GmbH,Ok,port-003,,port-001,rcp03xbim01389d,ec:1c:5d:13:0d:92,Up
rcp03xbsw01e7bb,10.168.24.9,Hirschmann Railswitch,94:ae:e3:49:da:86,Hirschmann Automation and Control GmbH,Ok,port-004,,port-001,rbxb0605xbvfd204629f,00:1c:06:97:33:11,Up
rcp03xbsw01e7bb,10.168.24.9,Hirschmann Railswitch,94:ae:e3:49:da:86,Hirschmann Automation and Control GmbH,Ok,port-005,,port-001,tcxb0020xbvfd207d31d,00:1c:06:97:20:84,Up
rcp03xbsw01e7bb,10.168.24.9,Hirschmann Railswitch,94:ae:e3:49:da:86,Hirschmann Automation and Control GmbH,Ok,port-006,,port-001,stxb0005xbvfd302b607,00:1c:06:97:48:07,Up
rcp03xbsw01e7bb,10.168.24.9,Hirschmann Railswitch,94:ae:e3:49:da:86,Hirschmann Automation and Control GmbH,Ok,port-007,,port-001,larmxb0005xbvfd3052dfa,00:1c:06:97:b3:af,Up
rcp03xbsw01e7bb,10.168.24.9,Hirschmann Railswitch,94:ae:e3:49:da:86,Hirschmann Automation and Control GmbH,Ok,port-008,,port-001,rbxb0555xbvfd10135b0,00:1c:06:97:1f:df,Up
rcp03xbsw01e7bb,10.168.24.9,Hirschmann Railswitch,94:ae:e3:49:da:86,Hirschmann Automation and Control GmbH,Ok,port-009,,port-002,jb08xbim010e82,ec:1c:5d:13:27:6a,Up
rcp03xbsw01e7bb,10.168.24.9,Hirschmann Railswitch,94:ae:e3:49:da:86,Hirschmann Automation and Control GmbH,Ok,port-010,,port-001,hmi08xbim018594,ec:1c:5d:13:18:32,Up
rcp03xbsw01e7bb,10.168.24.9,Hirschmann Railswitch,94:ae:e3:49:da:86,Hirschmann Automation and Control GmbH,Ok,port-011,,port-002,op06xbim017ea9,ec:1c:5d:14:8e:53,Up
rcp03xbsw01e7bb,10.168.24.9,Hirschmann Railswitch,94:ae:e3:49:da:86,Hirschmann Automation and Control GmbH,Ok,port-012,,port-001,rbxb0650xbvfd308e7e1,00:1c:06:97:1e:aa,Up
rcp03xbsw01e7bb,10.168.24.9,Hirschmann Railswitch,94:ae:e3:49:da:86,Hirschmann Automation and Control GmbH,Ok,port-013,,port-001,rbxb0660xbvfd3117ed0,00:1c:06:97:b3:6d,Up
rcp03xbsw01e7bb,10.168.24.9,Hirschmann Railswitch,94:ae:e3:49:da:86,Hirschmann Automation and Control GmbH,Ok,port-014,,port-002,pbsxbtrim12xbcop01ef80,ac:64:17:f1:d7:3a,Up
rcp03xbsw01e7bb,10.168.24.9,Hirschmann Railswitch,94:ae:e3:49:da:86,Hirschmann Automation and Control GmbH,Ok,port-015,,,,,Down
rcp03xbsw01e7bb,10.168.24.9,Hirschmann Railswitch,94:ae:e3:49:da:86,Hirschmann Automation and Control GmbH,Ok,port-016,,,,,Down
rcp04xbim01f8eb,10.168.24.46,ET200SP,ec:1c:5d:13:0d:26,SIEMENS AG,Ok,port-001,"Siemens, SIMATIC S7, Ethernet Port, X1 P1 R",port-003,rcp04xbsw0127cd,94:ae:e3:49:db:06,Up
rcp04xbim01f8eb,10.168.24.46,ET200SP,ec:1c:5d:13:0d:26,SIEMENS AG,Ok,port-002,"Siemens, SIMATIC S7, Ethernet Port, X1 P2 R",,,,Down
rcp04xbsw0127cd,10.168.24.10,Hirschmann Railswitch,94:ae:e3:49:db:06,Hirschmann Automation and Control GmbH,Ok,port-001,,port-001,rbxb0540xbvfd204a3ee,00:1c:06:97:34:76,Up
rcp04xbsw0127cd,10.168.24.10,Hirschmann Railswitch,94:ae:e3:49:db:06,Hirschmann Automation and Control GmbH,Ok,port-002,,port-001,csb03xbsw01ee3e,94:ae:e3:4b:3c:a0,Up
rcp04xbsw0127cd,10.168.24.10,Hirschmann Railswitch,94:ae:e3:49:db:06,Hirschmann Automation and Control GmbH,Ok,port-003,,port-001,rcp04xbim01f8eb,ec:1c:5d:13:0d:26,Up
rcp04xbsw0127cd,10.168.24.10,Hirschmann Railswitch,94:ae:e3:49:db:06,Hirschmann Automation and Control GmbH,Ok,port-004,,,,,Down
rcp04xbsw0127cd,10.168.24.10,Hirschmann Railswitch,94:ae:e3:49:db:06,Hirschmann Automation and Control GmbH,Ok,port-005,,port-001,rbxb0510xbvfd10573cf,00:1c:06:95:f7:5d,Up
rcp04xbsw0127cd,10.168.24.10,Hirschmann Railswitch,94:ae:e3:49:db:06,Hirschmann Automation and Control GmbH,Ok,port-006,,port-001,rbxb0525xbvfd108e9c1,00:1c:06:96:a2:78,Up
rcp04xbsw0127cd,10.168.24.10,Hirschmann Railswitch,94:ae:e3:49:db:06,Hirschmann Automation and Control GmbH,Ok,port-007,,port-001,ptxb0020xbvfd403dca9,00:1c:06:96:6d:e7,Up
rcp04xbsw0127cd,10.168.24.10,Hirschmann Railswitch,94:ae:e3:49:db:06,Hirschmann Automation and Control GmbH,Ok,port-008,,port-001,rbxb0775xbvfd40840ca,00:1c:06:96:a1:52,Up
rcp04xbsw0127cd,10.168.24.10,Hirschmann Railswitch,94:ae:e3:49:db:06,Hirschmann Automation and Control GmbH,Ok,port-009,,port-001,tcxb0015xbvfd2018e52,00:1c:06:97:1d:b1,Up
rcp04xbsw0127cd,10.168.24.10,Hirschmann Railswitch,94:ae:e3:49:db:06,Hirschmann Automation and Control GmbH,Ok,port-010,,port-001,rcp03xbsw01e7bb,94:ae:e3:49:da:86,Up
rcp04xbsw0127cd,10.168.24.10,Hirschmann Railswitch,94:ae:e3:49:db:06,Hirschmann Automation and Control GmbH,Ok,port-011,,port-001,psxb0010xbvfd20713ff,00:1c:06:96:a1:94,Up
rcp04xbsw0127cd,10.168.24.10,Hirschmann Railswitch,94:ae:e3:49:db:06,Hirschmann Automation and Control GmbH,Ok,port-012,,port-001,op07xbim01beb9,ec:1c:5d:14:8d:9d,Up
rcp04xbsw0127cd,10.168.24.10,Hirschmann Railswitch,94:ae:e3:49:db:06,Hirschmann Automation and Control GmbH,Ok,port-013,,,,,Down
rcp04xbsw0127cd,10.168.24.10,Hirschmann Railswitch,94:ae:e3:49:db:06,Hirschmann Automation and Control GmbH,Ok,port-014,,port-001,ptxb0015xbvfd10143f7,00:1c:06:97:34:73,Up
rcp04xbsw0127cd,10.168.24.10,Hirschmann Railswitch,94:ae:e3:49:db:06,Hirschmann Automation and Control GmbH,Ok,port-015,,,,,Down
rcp04xbsw0127cd,10.168.24.10,Hirschmann Railswitch,94:ae:e3:49:db:06,Hirschmann Automation and Control GmbH,Ok,port-016,,,,,Down
rcp05xbcop01aa21,0.0.0.0,PNPN_IOC,ec:1c:5d:17:fe:22,SIEMENS AG,Unknown,port-001,由伙伴 (rcp05xbsw01e7dd) 报告,port-007,rcp05xbsw01e7dd,94:ae:e3:49:d8:66,Down
rcp05xbim0138fb,10.168.24.47,ET200SP,ec:1c:5d:13:11:06,SIEMENS AG,Ok,port-001,"Siemens, SIMATIC S7, Ethernet Port, X1 P1 R",port-003,rcp05xbsw01e7dd,94:ae:e3:49:d8:66,Up
rcp05xbim0138fb,10.168.24.47,ET200SP,ec:1c:5d:13:11:06,SIEMENS AG,Ok,port-002,"Siemens, SIMATIC S7, Ethernet Port, X1 P2 R",,,,Down
rcp05xbsw01e7dd,10.168.24.11,Hirschmann Railswitch,94:ae:e3:49:d8:66,Hirschmann Automation and Control GmbH,Ok,port-001,,port-002,rcp01xbsw012798,94:ae:e3:49:d8:86,Up
rcp05xbsw01e7dd,10.168.24.11,Hirschmann Railswitch,94:ae:e3:49:d8:66,Hirschmann Automation and Control GmbH,Ok,port-002,,port-007,csb04xbsw012e48,94:ae:e3:4b:4b:74,Up
rcp05xbsw01e7dd,10.168.24.11,Hirschmann Railswitch,94:ae:e3:49:d8:66,Hirschmann Automation and Control GmbH,Ok,port-003,,port-001,rcp05xbim0138fb,ec:1c:5d:13:11:06,Up
rcp05xbsw01e7dd,10.168.24.11,Hirschmann Railswitch,94:ae:e3:49:d8:66,Hirschmann Automation and Control GmbH,Ok,port-004,,port-001,ebxb0005xbvfd10117fe,00:1c:06:97:49:d5,Up
rcp05xbsw01e7dd,10.168.24.11,Hirschmann Railswitch,94:ae:e3:49:d8:66,Hirschmann Automation and Control GmbH,Ok,port-005,,port-001,rbxb0010xbvfd1047f1f,00:1c:06:97:2b:94,Up
rcp05xbsw01e7dd,10.168.24.11,Hirschmann Railswitch,94:ae:e3:49:d8:66,Hirschmann Automation and Control GmbH,Ok,port-006,,port-001,ebxb0020xbvfd2054e91,00:1c:06:97:47:f8,Up
rcp05xbsw01e7dd,10.168.24.11,Hirschmann Railswitch,94:ae:e3:49:d8:66,Hirschmann Automation and Control GmbH,Ok,port-007,,port-001,rcp05xbcop01aa21,ec:1c:5d:17:fe:22,Up
rcp05xbsw01e7dd,10.168.24.11,Hirschmann Railswitch,94:ae:e3:49:d8:66,Hirschmann Automation and Control GmbH,Ok,port-008,,,,,Down
rcp05xbsw01e7dd,10.168.24.11,Hirschmann Railswitch,94:ae:e3:49:d8:66,Hirschmann Automation and Control GmbH,Ok,port-009,,port-001,jb01xbim010e1b,ec:1c:5d:13:12:83,Up
rcp05xbsw01e7dd,10.168.24.11,Hirschmann Railswitch,94:ae:e3:49:d8:66,Hirschmann Automation and Control GmbH,Ok,port-010,,port-002,pbsxbtlxx.xx2167b,ec:1c:5d:71:bc:f4,Up
rcp05xbsw01e7dd,10.168.24.11,Hirschmann Railswitch,94:ae:e3:49:d8:66,Hirschmann Automation and Control GmbH,Ok,port-011,,,,,Down
rcp05xbsw01e7dd,10.168.24.11,Hirschmann Railswitch,94:ae:e3:49:d8:66,Hirschmann Automation and Control GmbH,Ok,port-012,,,,,Down
rcp05xbsw01e7dd,10.168.24.11,Hirschmann Railswitch,94:ae:e3:49:d8:66,Hirschmann Automation and Control GmbH,Ok,port-013,,,,,Down
rcp05xbsw01e7dd,10.168.24.11,Hirschmann Railswitch,94:ae:e3:49:d8:66,Hirschmann Automation and Control GmbH,Ok,port-014,,,,,Down
rcp05xbsw01e7dd,10.168.24.11,Hirschmann Railswitch,94:ae:e3:49:d8:66,Hirschmann Automation and Control GmbH,Ok,port-015,,port-001,hmi10xbim0189dc,ec:1c:5d:13:26:38,Up
rcp05xbsw01e7dd,10.168.24.11,Hirschmann Railswitch,94:ae:e3:49:d8:66,Hirschmann Automation and Control GmbH,Ok,port-016,,port-001,pbsxbbdc.xx21f66,ec:1c:5d:16:a7:bf,Up
rcp06xbim0138c8,10.168.24.48,ET200SP,ec:1c:5d:c9:a7:97,SIEMENS AG,Ok,port-001,"Siemens, SIMATIC S7, Ethernet Port, X1 P1",port-002,,38:4b:24:21:1c:30,Up
rcp06xbim0138c8,10.168.24.48,ET200SP,ec:1c:5d:c9:a7:97,SIEMENS AG,Ok,port-002,"Siemens, SIMATIC S7, Ethernet Port, X1 P2",,,,Down
rfid01,10.168.24.105,Ident Systems,ec:1c:5d:1a:36:4b,SIEMENS AG,Ok,port-001,"Siemens, SIMATIC IDENT, Ethernet Port, X1 P1",port-002,hmi03xbhmi018be8,8c:f3:19:5a:16:80,Up
rfid01,10.168.24.105,Ident Systems,ec:1c:5d:1a:36:4b,SIEMENS AG,Ok,port-002,"Siemens, SIMATIC IDENT, Ethernet Port, X1 P2",,,,Down
rfid02,10.168.24.106,Ident Systems,ec:1c:5d:1a:36:42,SIEMENS AG,Ok,port-001,"Siemens, SIMATIC IDENT, Ethernet Port, X1 P1",port-002,hmi04xbhmi016da9,8c:f3:19:5a:82:f9,Up
rfid02,10.168.24.106,Ident Systems,ec:1c:5d:1a:36:42,SIEMENS AG,Ok,port-002,"Siemens, SIMATIC IDENT, Ethernet Port, X1 P2",,,,Down
stxb0005xbvfd302b607,10.168.24.155,SINAMICS G120 CU250S-2 V,00:1c:06:97:48:07,SIEMENS AG,Ok,port-001,"Siemens, SINAMICS, Ethernet Port, X150 P1R",port-006,rcp03xbsw01e7bb,94:ae:e3:49:da:86,Up
stxb0005xbvfd302b607,10.168.24.155,SINAMICS G120 CU250S-2 V,00:1c:06:97:48:07,SIEMENS AG,Ok,port-002,"Siemens, SINAMICS, Ethernet Port, X150 P2R",port-001,psxb0020xbvfd3031f5f,00:1c:06:97:1d:cc,Up
tcxb0005xbvfd2014b03,10.168.24.134,SINAMICS G120 CU250S-2 V,00:1c:06:97:4b:22,SIEMENS AG,Ok,port-001,"Siemens, SINAMICS, Ethernet Port, X150 P1R",port-006,rcp01xbsw012798,94:ae:e3:49:d8:86,Up
tcxb0005xbvfd2014b03,10.168.24.134,SINAMICS G120 CU250S-2 V,00:1c:06:97:4b:22,SIEMENS AG,Ok,port-002,"Siemens, SINAMICS, Ethernet Port, X150 P2R",port-001,rbxb0040xbvfd2026d7f,00:1c:06:97:33:0b,Up
tcxb0010xbvfd2108ead,10.168.24.120,SINAMICS G120 CU250S-2 V,00:1c:06:97:4a:32,SIEMENS AG,Ok,port-001,"Siemens, SINAMICS, Ethernet Port, X150 P1R",,,,Down
tcxb0010xbvfd2108ead,10.168.24.120,SINAMICS G120 CU250S-2 V,00:1c:06:97:4a:32,SIEMENS AG,Ok,port-002,"Siemens, SINAMICS, Ethernet Port, X150 P2R",port-002,rbxb0445xbvfd209ca14,00:1c:06:97:20:a8,Up
tcxb0015xbvfd2018e52,10.168.24.168,SINAMICS G120 CU240E-2,00:1c:06:97:1d:b1,SIEMENS AG,Ok,port-001,"Siemens, SINAMICS, Ethernet Port, X150 P1R",port-009,rcp04xbsw0127cd,94:ae:e3:49:db:06,Up
tcxb0015xbvfd2018e52,10.168.24.168,SINAMICS G120 CU240E-2,00:1c:06:97:1d:b1,SIEMENS AG,Ok,port-002,"Siemens, SINAMICS, Ethernet Port, X150 P2R",port-001,rbxb0530xbvfd2027bdf,00:1c:06:97:33:e6,Up
tcxb0020xbvfd207d31d,10.168.24.152,SINAMICS G120 CU240E-2,00:1c:06:97:20:84,SIEMENS AG,Ok,port-001,"Siemens, SINAMICS, Ethernet Port, X150 P1R",port-005,rcp03xbsw01e7bb,94:ae:e3:49:da:86,Up
tcxb0020xbvfd207d31d,10.168.24.152,SINAMICS G120 CU240E-2,00:1c:06:97:20:84,SIEMENS AG,Ok,port-002,"Siemens, SINAMICS, Ethernet Port, X150 P2R",port-001,rbxb0625xbvfd208ad3e,00:1c:06:97:1d:ea,Up
